cobo,asad,aget,aget channel
7,2,1,10
7,2,1,12
7,2,1,13
7,2,1,14
7,2,1,15
7,2,1,16
7,2,1,17
7,2,1,18
7,2,1,19
7,2,1,20
7,2,1,21
7,2,1,23
7,2,1,24
7,2,1,25
7,2,1,26
7,2,1,27
7,2,1,28
7,2,1,29
7,2,1,30
7,2,1,31
7,2,1,32
7,2,1,33
7,2,1,34
7,2,1,35
7,2,1,36
7,2,1,37
7,2,1,38
7,2,1,39
7,2,1,40
7,2,1,41
7,2,1,42
7,2,1,43
7,2,1,44
7,2,1,46
7,2,1,47
7,2,1,48
7,2,1,49
7,2,1,50
7,2,1,51
7,2,1,52
7,2,1,53
7,2,1,54
7,2,1,55
7,2,1,57
7,2,1,58
7,2,1,59
7,2,1,60
7,2,1,61
7,2,1,62
7,2,1,63
7,2,1,64
7,2,1,65
7,2,1,66
7,2,1,67
7,2,0,0
7,2,0,1
7,2,0,2
7,2,0,3
7,2,0,4
7,2,0,5
7,2,0,6
7,2,0,7
7,2,0,8
7,2,0,9
7,2,0,10
7,2,0,12
7,2,0,13
7,2,0,14
7,2,0,15
7,2,0,16
7,2,0,17
7,2,0,18
7,2,0,19
7,2,0,20
7,2,0,21
7,2,0,23
7,2,0,24
7,2,0,25
7,2,0,26
7,2,0,27
7,2,0,28
7,2,0,29
7,2,0,30
7,2,0,31
7,2,0,32
7,2,0,33
7,2,0,34
7,2,0,35
7,2,0,36
7,2,0,37
7,2,0,38
7,2,0,39
7,2,0,40
7,2,0,41
7,2,0,42
7,2,0,43
7,2,0,44
7,2,0,46
7,2,0,47
7,2,0,48
7,2,0,49
7,2,0,50
7,2,0,51
7,2,0,52
7,2,0,53
7,2,0,54
7,2,0,55
7,2,0,57
7,2,0,58
7,2,0,59
7,2,0,60
7,2,0,61
7,2,0,62
7,2,0,63
7,2,0,64
7,2,0,65
7,2,0,66
7,2,0,67
7,2,3,0
7,2,3,1
7,2,3,2
7,2,3,3
7,2,3,4
7,2,3,5
7,2,3,6
7,2,3,7
7,2,3,8
7,2,3,9
7,2,3,10
7,2,3,12
7,2,3,13
7,2,3,14
7,2,3,15
7,2,3,16
7,2,3,17
7,2,3,18
7,2,3,19
7,2,3,20
7,2,3,21
7,2,3,23
7,2,3,24
7,2,3,25
7,2,3,26
7,2,3,27
7,2,3,28
7,2,3,29
7,2,3,30
7,2,3,31
7,2,3,32
7,2,3,33
7,2,3,34
7,2,3,35
7,2,3,36
7,2,3,37
7,2,3,38
7,2,3,39
7,2,3,40
7,2,3,41
7,2,3,42
7,2,3,43
7,2,3,44
7,2,3,46
7,2,3,47
7,2,3,48
7,2,3,49
7,2,3,50
7,2,3,51
7,2,3,52
7,2,3,53
7,2,3,54
7,2,3,55
7,2,3,57
7,2,3,58
7,2,3,59
7,2,3,60
7,2,3,61
7,2,3,62
7,2,3,63
7,2,3,64
7,2,3,65
7,2,3,66
7,2,3,67
7,2,2,0
7,2,2,1
7,2,2,2
7,2,2,3
7,2,2,4
7,2,2,5
7,2,2,6
7,2,2,7
7,2,2,8
7,2,2,9
7,2,2,10
7,2,2,12
7,2,2,13
7,2,2,14
7,2,2,15
7,2,2,16
7,2,2,17
7,2,2,18
7,2,2,19
7,2,2,20
7,2,2,21
7,2,2,23
7,2,2,24
7,2,2,25
7,2,2,26
7,2,2,27
7,2,2,28
7,2,2,29
7,2,2,30
7,2,2,31
7,2,2,32
7,2,2,33
7,2,2,34
7,2,2,35
7,2,2,36
7,2,2,37
7,2,2,38
7,2,2,39
7,2,2,40
7,2,2,41
7,2,2,42
7,2,2,43
7,2,2,44
7,2,2,46
7,2,2,47
7,2,2,48
7,2,2,49
7,2,2,50
7,2,2,51
7,2,2,52
7,2,2,53
7,2,2,54
7,2,2,55
7,2,2,57
7,2,2,58
7,2,2,59
7,2,2,60
7,2,2,61
7,2,2,62
7,2,2,63
7,2,2,64
7,2,2,65
7,2,2,66
7,2,2,67
7,2,1,0
7,2,1,1
7,2,1,2
7,2,1,3
7,2,1,4
7,2,1,5
7,2,1,6
7,2,1,7
7,2,1,8
7,2,1,9
7,3,1,10
7,3,1,12
7,3,1,13
7,3,1,14
7,3,1,15
7,3,1,16
7,3,1,17
7,3,1,18
7,3,1,19
7,3,1,20
7,3,1,21
7,3,1,23
7,3,1,24
7,3,1,25
7,3,1,26
7,3,1,27
7,3,1,28
7,3,1,29
7,3,1,30
7,3,1,31
7,3,1,32
7,3,1,33
7,3,1,34
7,3,1,35
7,3,1,36
7,3,1,37
7,3,1,38
7,3,1,39
7,3,1,40
7,3,1,41
7,3,1,42
7,3,1,43
7,3,1,44
7,3,1,46
7,3,1,47
7,3,1,48
7,3,1,49
7,3,1,50
7,3,1,51
7,3,1,52
7,3,1,53
7,3,1,54
7,3,1,55
7,3,1,57
7,3,1,58
7,3,1,59
7,3,1,60
7,3,1,61
7,3,1,62
7,3,1,63
7,3,1,64
7,3,1,65
7,3,1,66
7,3,1,67
7,3,0,0
7,3,0,1
7,3,0,2
7,3,0,3
7,3,0,4
7,3,0,5
7,3,0,6
7,3,0,7
7,3,0,8
7,3,0,9
7,3,0,10
7,3,0,12
7,3,0,13
7,3,0,14
7,3,0,15
7,3,0,16
7,3,0,17
7,3,0,18
7,3,0,19
7,3,0,20
7,3,0,21
7,3,0,23
7,3,0,24
7,3,0,25
7,3,0,26
7,3,0,27
7,3,0,28
7,3,0,29
7,3,0,30
7,3,0,31
7,3,0,32
7,3,0,33
7,3,0,34
7,3,0,35
7,3,0,36
7,3,0,37
7,3,0,38
7,3,0,39
7,3,0,40
7,3,0,41
7,3,0,42
7,3,0,43
7,3,0,44
7,3,0,46
7,3,0,47
7,3,0,48
7,3,0,49
7,3,0,50
7,3,0,51
7,3,0,52
7,3,0,53
7,3,0,54
7,3,0,55
7,3,0,57
7,3,0,58
7,3,0,59
7,3,0,60
7,3,0,61
7,3,0,62
7,3,0,63
7,3,0,64
7,3,0,65
7,3,0,66
7,3,0,67
7,3,3,0
7,3,3,1
7,3,3,2
7,3,3,3
7,3,3,4
7,3,3,5
7,3,3,6
7,3,3,7
7,3,3,8
7,3,3,9
7,3,3,10
7,3,3,12
7,3,3,13
7,3,3,14
7,3,3,15
7,3,3,16
7,3,3,17
7,3,3,18
7,3,3,19
7,3,3,20
7,3,3,21
7,3,3,23
7,3,3,24
7,3,3,25
7,3,3,26
7,3,3,27
7,3,3,28
7,3,3,29
7,3,3,30
7,3,3,31
7,3,3,32
7,3,3,33
7,3,3,34
7,3,3,35
7,3,3,36
7,3,3,37
7,3,3,38
7,3,3,39
7,3,3,40
7,3,3,41
7,3,3,42
7,3,3,43
7,3,3,44
7,3,3,46
7,3,3,47
7,3,3,48
7,3,3,49
7,3,3,50
7,3,3,51
7,3,3,52
7,3,3,53
7,3,3,54
7,3,3,55
7,3,3,57
7,3,3,58
7,3,3,59
7,3,3,60
7,3,3,61
7,3,3,62
7,3,3,63
7,3,3,64
7,3,3,65
7,3,3,66
7,3,3,67
7,3,2,0
7,3,2,1
7,3,2,2
7,3,2,3
7,3,2,4
7,3,2,5
7,3,2,6
7,3,2,7
7,3,2,8
7,3,2,9
7,3,2,10
7,3,2,12
7,3,2,13
7,3,2,14
7,3,2,15
7,3,2,16
7,3,2,17
7,3,2,18
7,3,2,19
7,3,2,20
7,3,2,21
7,3,2,23
7,3,2,24
7,3,2,25
7,3,2,26
7,3,2,27
7,3,2,28
7,3,2,29
7,3,2,30
7,3,2,31
7,3,2,32
7,3,2,33
7,3,2,34
7,3,2,35
7,3,2,36
7,3,2,37
7,3,2,38
7,3,2,39
7,3,2,40
7,3,2,41
7,3,2,42
7,3,2,43
7,3,2,44
7,3,2,46
7,3,2,47
7,3,2,48
7,3,2,49
7,3,2,50
7,3,2,51
7,3,2,52
7,3,2,53
7,3,2,54
7,3,2,55
7,3,2,57
7,3,2,58
7,3,2,59
7,3,2,60
7,3,2,61
7,3,2,62
7,3,2,63
7,3,2,64
7,3,2,65
7,3,2,66
7,3,2,67
7,3,1,0
7,3,1,1
7,3,1,2
7,3,1,3
7,3,1,4
7,3,1,5
7,3,1,6
7,3,1,7
7,3,1,8
7,3,1,9
3,2,1,10
3,2,1,12
3,2,1,13
3,2,1,14
3,2,1,15
3,2,1,16
3,2,1,17
3,2,1,18
3,2,1,19
3,2,1,20
3,2,1,21
3,2,1,23
3,2,1,24
3,2,1,25
3,2,1,26
3,2,1,27
3,2,1,28
3,2,1,29
3,2,1,30
3,2,1,31
3,2,1,32
3,2,1,33
3,2,1,34
3,2,1,35
3,2,1,36
3,2,1,37
3,2,1,38
3,2,1,39
3,2,1,40
3,2,1,41
3,2,1,42
3,2,1,43
3,2,1,44
3,2,1,46
3,2,1,47
3,2,1,48
3,2,1,49
3,2,1,50
3,2,1,51
3,2,1,52
3,2,1,53
3,2,1,54
3,2,1,55
3,2,1,57
3,2,1,58
3,2,1,59
3,2,1,60
3,2,1,61
3,2,1,62
3,2,1,63
3,2,1,64
3,2,1,65
3,2,1,66
3,2,1,67
3,2,0,0
3,2,0,1
3,2,0,2
3,2,0,3
3,2,0,4
3,2,0,5
3,2,0,6
3,2,0,7
3,2,0,8
3,2,0,9
3,2,0,10
3,2,0,12
3,2,0,13
3,2,0,14
3,2,0,15
3,2,0,16
3,2,0,17
3,2,0,18
3,2,0,19
3,2,0,20
3,2,0,21
3,2,0,23
3,2,0,24
3,2,0,25
3,2,0,26
3,2,0,27
3,2,0,28
3,2,0,29
3,2,0,30
3,2,0,31
3,2,0,32
3,2,0,33
3,2,0,34
3,2,0,35
3,2,0,36
3,2,0,37
3,2,0,38
3,2,0,39
3,2,0,40
3,2,0,41
3,2,0,42
3,2,0,43
3,2,0,44
3,2,0,46
3,2,0,47
3,2,0,48
3,2,0,49
3,2,0,50
3,2,0,51
3,2,0,52
3,2,0,53
3,2,0,54
3,2,0,55
3,2,0,57
3,2,0,58
3,2,0,59
3,2,0,60
3,2,0,61
3,2,0,62
3,2,0,63
3,2,0,64
3,2,0,65
3,2,0,66
3,2,0,67
3,2,3,0
3,2,3,1
3,2,3,2
3,2,3,3
3,2,3,4
3,2,3,5
3,2,3,6
3,2,3,7
3,2,3,8
3,2,3,9
3,2,3,10
3,2,3,12
3,2,3,13
3,2,3,14
3,2,3,15
3,2,3,16
3,2,3,17
3,2,3,18
3,2,3,19
3,2,3,20
3,2,3,21
3,2,3,23
3,2,3,24
3,2,3,25
3,2,3,26
3,2,3,27
3,2,3,28
3,2,3,29
3,2,3,30
3,2,3,31
3,2,3,32
3,2,3,33
3,2,3,34
3,2,3,35
3,2,3,36
3,2,3,37
3,2,3,38
3,2,3,39
3,2,3,40
3,2,3,41
3,2,3,42
3,2,3,43
3,2,3,44
3,2,3,46
3,2,3,47
3,2,3,48
3,2,3,49
3,2,3,50
3,2,3,51
3,2,3,52
3,2,3,53
3,2,3,54
3,2,3,55
3,2,3,57
3,2,3,58
3,2,3,59
3,2,3,60
3,2,3,61
3,2,3,62
3,2,3,63
3,2,3,64
3,2,3,65
3,2,3,66
3,2,3,67
3,2,2,0
3,2,2,1
3,2,2,2
3,2,2,3
3,2,2,4
3,2,2,5
3,2,2,6
3,2,2,7
3,2,2,8
3,2,2,9
3,2,2,10
3,2,2,12
3,2,2,13
3,2,2,14
3,2,2,15
3,2,2,16
3,2,2,17
3,2,2,18
3,2,2,19
3,2,2,20
3,2,2,21
3,2,2,23
3,2,2,24
3,2,2,25
3,2,2,26
3,2,2,27
3,2,2,28
3,2,2,29
3,2,2,30
3,2,2,31
3,2,2,32
3,2,2,33
3,2,2,34
3,2,2,35
3,2,2,36
3,2,2,37
3,2,2,38
3,2,2,39
3,2,2,40
3,2,2,41
3,2,2,42
3,2,2,43
3,2,2,44
3,2,2,46
3,2,2,47
3,2,2,48
3,2,2,49
3,2,2,50
3,2,2,51
3,2,2,52
3,2,2,53
3,2,2,54
3,2,2,55
3,2,2,57
3,2,2,58
3,2,2,59
3,2,2,60
3,2,2,61
3,2,2,62
3,2,2,63
3,2,2,64
3,2,2,65
3,2,2,66
3,2,2,67
3,2,1,0
3,2,1,1
3,2,1,2
3,2,1,3
3,2,1,4
3,2,1,5
3,2,1,6
3,2,1,7
3,2,1,8
3,2,1,9
3,3,1,10
3,3,1,12
3,3,1,13
3,3,1,14
3,3,1,15
3,3,1,16
3,3,1,17
3,3,1,18
3,3,1,19
3,3,1,20
3,3,1,21
3,3,1,23
3,3,1,24
3,3,1,25
3,3,1,26
3,3,1,27
3,3,1,28
3,3,1,29
3,3,1,30
3,3,1,31
3,3,1,32
3,3,1,33
3,3,1,34
3,3,1,35
3,3,1,36
3,3,1,37
3,3,1,38
3,3,1,39
3,3,1,40
3,3,1,41
3,3,1,42
3,3,1,43
3,3,1,44
3,3,1,46
3,3,1,47
3,3,1,48
3,3,1,49
3,3,1,50
3,3,1,51
3,3,1,52
3,3,1,53
3,3,1,54
3,3,1,55
3,3,1,57
3,3,1,58
3,3,1,59
3,3,1,60
3,3,1,61
3,3,1,62
3,3,1,63
3,3,1,64
3,3,1,65
3,3,1,66
3,3,1,67
3,3,0,0
3,3,0,1
3,3,0,2
3,3,0,3
3,3,0,4
3,3,0,5
3,3,0,6
3,3,0,7
3,3,0,8
3,3,0,9
3,3,0,10
3,3,0,12
3,3,0,13
3,3,0,14
3,3,0,15
3,3,0,16
3,3,0,17
3,3,0,18
3,3,0,19
3,3,0,20
3,3,0,21
3,3,0,23
3,3,0,24
3,3,0,25
3,3,0,26
3,3,0,27
3,3,0,28
3,3,0,29
3,3,0,30
3,3,0,31
3,3,0,32
3,3,0,33
3,3,0,34
3,3,0,35
3,3,0,36
3,3,0,37
3,3,0,38
3,3,0,39
3,3,0,40
3,3,0,41
3,3,0,42
3,3,0,43
3,3,0,44
3,3,0,46
3,3,0,47
3,3,0,48
3,3,0,49
3,3,0,50
3,3,0,51
3,3,0,52
3,3,0,53
3,3,0,54
3,3,0,55
3,3,0,57
3,3,0,58
3,3,0,59
3,3,0,60
3,3,0,61
3,3,0,62
3,3,0,63
3,3,0,64
3,3,0,65
3,3,0,66
3,3,0,67
3,3,3,0
3,3,3,1
3,3,3,2
3,3,3,3
3,3,3,4
3,3,3,5
3,3,3,6
3,3,3,7
3,3,3,8
3,3,3,9
3,3,3,10
3,3,3,12
3,3,3,13
3,3,3,14
3,3,3,15
3,3,3,16
3,3,3,17
3,3,3,18
3,3,3,19
3,3,3,20
3,3,3,21
3,3,3,23
3,3,3,24
3,3,3,25
3,3,3,26
3,3,3,27
3,3,3,28
3,3,3,29
3,3,3,30
3,3,3,31
3,3,3,32
3,3,3,33
3,3,3,34
3,3,3,35
3,3,3,36
3,3,3,37
3,3,3,38
3,3,3,39
3,3,3,40
3,3,3,41
3,3,3,42
3,3,3,43
3,3,3,44
3,3,3,46
3,3,3,47
3,3,3,48
3,3,3,49
3,3,3,50
3,3,3,51
3,3,3,52
3,3,3,53
3,3,3,54
3,3,3,55
3,3,3,57
3,3,3,58
3,3,3,59
3,3,3,60
3,3,3,61
3,3,3,62
3,3,3,63
3,3,3,64
3,3,3,65
3,3,3,66
3,3,3,67
3,3,2,0
3,3,2,1
3,3,2,2
3,3,2,3
3,3,2,4
3,3,2,5
3,3,2,6
3,3,2,7
3,3,2,8
3,3,2,9
3,3,2,10
3,3,2,12
3,3,2,13
3,3,2,14
3,3,2,15
3,3,2,16
3,3,2,17
3,3,2,18
3,3,2,19
3,3,2,20
3,3,2,21
3,3,2,23
3,3,2,24
3,3,2,25
3,3,2,26
3,3,2,27
3,3,2,28
3,3,2,29
3,3,2,30
3,3,2,31
3,3,2,32
3,3,2,33
3,3,2,34
3,3,2,35
3,3,2,36
3,3,2,37
3,3,2,38
3,3,2,39
3,3,2,40
3,3,2,41
3,3,2,42
3,3,2,43
3,3,2,44
3,3,2,46
3,3,2,47
3,3,2,48
3,3,2,49
3,3,2,50
3,3,2,51
3,3,2,52
3,3,2,53
3,3,2,54
3,3,2,55
3,3,2,57
3,3,2,58
3,3,2,59
3,3,2,60
3,3,2,61
3,3,2,62
3,3,2,63
3,3,2,64
3,3,2,65
3,3,2,66
3,3,2,67
3,3,1,0
3,3,1,1
3,3,1,2
3,3,1,3
3,3,1,4
3,3,1,5
3,3,1,6
3,3,1,7
3,3,1,8
3,3,1,9
1,3,1,10
1,3,1,12
1,3,1,13
1,3,1,14
1,3,1,15
1,3,1,16
1,3,1,17
1,3,1,18
1,3,1,19
1,3,1,20
1,3,1,21
1,3,1,23
1,3,1,24
1,3,1,25
1,3,1,26
1,3,1,27
1,3,1,28
1,3,1,29
1,3,1,30
1,3,1,31
1,3,1,32
1,3,1,33
1,3,1,34
1,3,1,35
1,3,1,36
1,3,1,37
1,3,1,38
1,3,1,39
1,3,1,40
1,3,1,41
1,3,1,42
1,3,1,43
1,3,1,44
1,3,1,46
1,3,1,47
1,3,1,48
1,3,1,49
1,3,1,50
1,3,1,51
1,3,1,52
1,3,1,53
1,3,1,54
1,3,1,55
1,3,1,57
1,3,1,58
1,3,1,59
1,3,1,60
1,3,1,61
1,3,1,62
1,3,1,63
1,3,1,64
1,3,1,65
1,3,1,66
1,3,1,67
1,3,0,0
1,3,0,1
1,3,0,2
1,3,0,3
1,3,0,4
1,3,0,5
1,3,0,6
1,3,0,7
1,3,0,8
1,3,0,9
1,3,0,10
1,3,0,12
1,3,0,13
1,3,0,14
1,3,0,15
1,3,0,16
1,3,0,17
1,3,0,18
1,3,0,19
1,3,0,20
1,3,0,21
1,3,0,23
1,3,0,24
1,3,0,25
1,3,0,26
1,3,0,27
1,3,0,28
1,3,0,29
1,3,0,30
1,3,0,31
1,3,0,32
1,3,0,33
1,3,0,34
1,3,0,35
1,3,0,36
1,3,0,37
1,3,0,38
1,3,0,39
1,3,0,40
1,3,0,41
1,3,0,42
1,3,0,43
1,3,0,44
1,3,0,46
1,3,0,47
1,3,0,48
1,3,0,49
1,3,0,50
1,3,0,51
1,3,0,52
1,3,0,53
1,3,0,54
1,3,0,55
1,3,0,57
1,3,0,58
1,3,0,59
1,3,0,60
1,3,0,61
1,3,0,62
1,3,0,63
1,3,0,64
1,3,0,65
1,3,0,66
1,3,0,67
1,3,3,0
1,3,3,1
1,3,3,2
1,3,3,3
1,3,3,4
1,3,3,5
1,3,3,6
1,3,3,7
1,3,3,8
1,3,3,9
1,3,3,10
1,3,3,12
1,3,3,13
1,3,3,14
1,3,3,15
1,3,3,16
1,3,3,17
1,3,3,18
1,3,3,19
1,3,3,20
1,3,3,21
1,3,3,23
1,3,3,24
1,3,3,25
1,3,3,26
1,3,3,27
1,3,3,28
1,3,3,29
1,3,3,30
1,3,3,31
1,3,3,32
1,3,3,33
1,3,3,34
1,3,3,35
1,3,3,36
1,3,3,37
1,3,3,38
1,3,3,39
1,3,3,40
1,3,3,41
1,3,3,42
1,3,3,43
1,3,3,44
1,3,3,46
1,3,3,47
1,3,3,48
1,3,3,49
1,3,3,50
1,3,3,51
1,3,3,52
1,3,3,53
1,3,3,54
1,3,3,55
1,3,3,57
1,3,3,58
1,3,3,59
1,3,3,60
1,3,3,61
1,3,3,62
1,3,3,63
1,3,3,64
1,3,3,65
1,3,3,66
1,3,3,67
1,3,2,0
1,3,2,1
1,3,2,2
1,3,2,3
1,3,2,4
1,3,2,5
1,3,2,6
1,3,2,7
1,3,2,8
1,3,2,9
1,3,2,10
1,3,2,12
1,3,2,13
1,3,2,14
1,3,2,15
1,3,2,16
1,3,2,17
1,3,2,18
1,3,2,19
1,3,2,20
1,3,2,21
1,3,2,23
1,3,2,24
1,3,2,25
1,3,2,26
1,3,2,27
1,3,2,28
1,3,2,29
1,3,2,30
1,3,2,31
1,3,2,32
1,3,2,33
1,3,2,34
1,3,2,35
1,3,2,36
1,3,2,37
1,3,2,38
1,3,2,39
1,3,2,40
1,3,2,41
1,3,2,42
1,3,2,43
1,3,2,44
1,3,2,46
1,3,2,47
1,3,2,48
1,3,2,49
1,3,2,50
1,3,2,51
1,3,2,52
1,3,2,53
1,3,2,54
1,3,2,55
1,3,2,57
1,3,2,58
1,3,2,59
1,3,2,60
1,3,2,61
1,3,2,62
1,3,2,63
1,3,2,64
1,3,2,65
1,3,2,66
1,3,2,67
1,3,1,0
1,3,1,1
1,3,1,2
1,3,1,3
1,3,1,4
1,3,1,5
1,3,1,6
1,3,1,7
1,3,1,8
1,3,1,9
1,2,1,10
1,2,1,12
1,2,1,13
1,2,1,14
1,2,1,15
1,2,1,16
1,2,1,17
1,2,1,18
1,2,1,19
1,2,1,20
1,2,1,21
1,2,1,23
1,2,1,24
1,2,1,25
1,2,1,26
1,2,1,27
1,2,1,28
1,2,1,29
1,2,1,30
1,2,1,31
1,2,1,32
1,2,1,33
1,2,1,34
1,2,1,35
1,2,1,36
1,2,1,37
1,2,1,38
1,2,1,39
1,2,1,40
1,2,1,41
1,2,1,42
1,2,1,43
1,2,1,44
1,2,1,46
1,2,1,47
1,2,1,48
1,2,1,49
1,2,1,50
1,2,1,51
1,2,1,52
1,2,1,53
1,2,1,54
1,2,1,55
1,2,1,57
1,2,1,58
1,2,1,59
1,2,1,60
1,2,1,61
1,2,1,62
1,2,1,63
1,2,1,64
1,2,1,65
1,2,1,66
1,2,1,67
1,2,0,0
1,2,0,1
1,2,0,2
1,2,0,3
1,2,0,4
1,2,0,5
1,2,0,6
1,2,0,7
1,2,0,8
1,2,0,9
1,2,0,10
1,2,0,12
1,2,0,13
1,2,0,14
1,2,0,15
1,2,0,16
1,2,0,17
1,2,0,18
1,2,0,19
1,2,0,20
1,2,0,21
1,2,0,23
1,2,0,24
1,2,0,25
1,2,0,26
1,2,0,27
1,2,0,28
1,2,0,29
1,2,0,30
1,2,0,31
1,2,0,32
1,2,0,33
1,2,0,34
1,2,0,35
1,2,0,36
1,2,0,37
1,2,0,38
1,2,0,39
1,2,0,40
1,2,0,41
1,2,0,42
1,2,0,43
1,2,0,44
1,2,0,46
1,2,0,47
1,2,0,48
1,2,0,49
1,2,0,50
1,2,0,51
1,2,0,52
1,2,0,53
1,2,0,54
1,2,0,55
1,2,0,57
1,2,0,58
1,2,0,59
1,2,0,60
1,2,0,61
1,2,0,62
1,2,0,63
1,2,0,64
1,2,0,65
1,2,0,66
1,2,0,67
1,2,3,0
1,2,3,1
1,2,3,2
1,2,3,3
1,2,3,4
1,2,3,5
1,2,3,6
1,2,3,7
1,2,3,8
1,2,3,9
1,2,3,10
1,2,3,12
1,2,3,13
1,2,3,14
1,2,3,15
1,2,3,16
1,2,3,17
1,2,3,18
1,2,3,19
1,2,3,20
1,2,3,21
1,2,3,23
1,2,3,24
1,2,3,25
1,2,3,26
1,2,3,27
1,2,3,28
1,2,3,29
1,2,3,30
1,2,3,31
1,2,3,32
1,2,3,33
1,2,3,34
1,2,3,35
1,2,3,36
1,2,3,37
1,2,3,38
1,2,3,39
1,2,3,40
1,2,3,41
1,2,3,42
1,2,3,43
1,2,3,44
1,2,3,46
1,2,3,47
1,2,3,48
1,2,3,49
1,2,3,50
1,2,3,51
1,2,3,52
1,2,3,53
1,2,3,54
1,2,3,55
1,2,3,57
1,2,3,58
1,2,3,59
1,2,3,60
1,2,3,61
1,2,3,62
1,2,3,63
1,2,3,64
1,2,3,65
1,2,3,66
1,2,3,67
1,2,2,0
1,2,2,1
1,2,2,2
1,2,2,3
1,2,2,4
1,2,2,5
1,2,2,6
1,2,2,7
1,2,2,8
1,2,2,9
1,2,2,10
1,2,2,12
1,2,2,13
1,2,2,14
1,2,2,15
1,2,2,16
1,2,2,17
1,2,2,18
1,2,2,19
1,2,2,20
1,2,2,21
1,2,2,23
1,2,2,24
1,2,2,25
1,2,2,26
1,2,2,27
1,2,2,28
1,2,2,29
1,2,2,30
1,2,2,31
1,2,2,32
1,2,2,33
1,2,2,34
1,2,2,35
1,2,2,36
1,2,2,37
1,2,2,38
1,2,2,39
1,2,2,40
1,2,2,41
1,2,2,42
1,2,2,43
1,2,2,44
1,2,2,46
1,2,2,47
1,2,2,48
1,2,2,49
1,2,2,50
1,2,2,51
1,2,2,52
1,2,2,53
1,2,2,54
1,2,2,55
1,2,2,57
1,2,2,58
1,2,2,59
1,2,2,60
1,2,2,61
1,2,2,62
1,2,2,63
1,2,2,64
1,2,2,65
1,2,2,66
1,2,2,67
1,2,1,0
1,2,1,1
1,2,1,2
1,2,1,3
1,2,1,4
1,2,1,5
1,2,1,6
1,2,1,7
1,2,1,8
1,2,1,9
8,0,1,10
8,0,1,12
8,0,1,13
8,0,1,14
8,0,1,15
8,0,1,16
8,0,1,17
8,0,1,18
8,0,1,19
8,0,1,20
8,0,1,21
8,0,1,23
8,0,1,24
8,0,1,25
8,0,1,26
8,0,1,27
8,0,1,28
8,0,1,29
8,0,1,30
8,0,1,31
8,0,1,32
8,0,1,33
8,0,1,34
8,0,1,35
8,0,1,36
8,0,1,37
8,0,1,38
8,0,1,39
8,0,1,40
8,0,1,41
8,0,1,42
8,0,1,43
8,0,1,44
8,0,1,46
8,0,1,47
8,0,1,48
8,0,1,49
8,0,1,50
8,0,1,51
8,0,1,52
8,0,1,53
8,0,1,54
8,0,1,55
8,0,1,57
8,0,1,58
8,0,1,59
8,0,1,60
8,0,1,61
8,0,1,62
8,0,1,63
8,0,1,64
8,0,1,65
8,0,1,66
8,0,1,67
8,0,0,0
8,0,0,1
8,0,0,2
8,0,0,3
8,0,0,4
8,0,0,5
8,0,0,6
8,0,0,7
8,0,0,8
8,0,0,9
8,0,0,10
8,0,0,12
8,0,0,13
8,0,0,14
8,0,0,15
8,0,0,16
8,0,0,17
8,0,0,18
8,0,0,19
8,0,0,20
8,0,0,21
8,0,0,23
8,0,0,24
8,0,0,25
8,0,0,26
8,0,0,27
8,0,0,28
8,0,0,29
8,0,0,30
8,0,0,31
8,0,0,32
8,0,0,33
8,0,0,34
8,0,0,35
8,0,0,36
8,0,0,37
8,0,0,38
8,0,0,39
8,0,0,40
8,0,0,41
8,0,0,42
8,0,0,43
8,0,0,44
8,0,0,46
8,0,0,47
8,0,0,48
8,0,0,49
8,0,0,50
8,0,0,51
8,0,0,52
8,0,0,53
8,0,0,54
8,0,0,55
8,0,0,57
8,0,0,58
8,0,0,59
8,0,0,60
8,0,0,61
8,0,0,62
8,0,0,63
8,0,0,64
8,0,0,65
8,0,0,66
8,0,0,67
8,0,3,0
8,0,3,1
8,0,3,2
8,0,3,3
8,0,3,4
8,0,3,5
8,0,3,6
8,0,3,7
8,0,3,8
8,0,3,9
8,0,3,10
8,0,3,12
8,0,3,13
8,0,3,14
8,0,3,15
8,0,3,16
8,0,3,17
8,0,3,18
8,0,3,19
8,0,3,20
8,0,3,21
8,0,3,23
8,0,3,24
8,0,3,25
8,0,3,26
8,0,3,27
8,0,3,28
8,0,3,29
8,0,3,30
8,0,3,31
8,0,3,32
8,0,3,33
8,0,3,34
8,0,3,35
8,0,3,36
8,0,3,37
8,0,3,38
8,0,3,39
8,0,3,40
8,0,3,41
8,0,3,42
8,0,3,43
8,0,3,44
8,0,3,46
8,0,3,47
8,0,3,48
8,0,3,49
8,0,3,50
8,0,3,51
8,0,3,52
8,0,3,53
8,0,3,54
8,0,3,55
8,0,3,57
8,0,3,58
8,0,3,59
8,0,3,60
8,0,3,61
8,0,3,62
8,0,3,63
8,0,3,64
8,0,3,65
8,0,3,66
8,0,3,67
8,0,2,0
8,0,2,1
8,0,2,2
8,0,2,3
8,0,2,4
8,0,2,5
8,0,2,6
8,0,2,7
8,0,2,8
8,0,2,9
8,0,2,10
8,0,2,12
8,0,2,13
8,0,2,14
8,0,2,15
8,0,2,16
8,0,2,17
8,0,2,18
8,0,2,19
8,0,2,20
8,0,2,21
8,0,2,23
8,0,2,24
8,0,2,25
8,0,2,26
8,0,2,27
8,0,2,28
8,0,2,29
8,0,2,30
8,0,2,31
8,0,2,32
8,0,2,33
8,0,2,34
8,0,2,35
8,0,2,36
8,0,2,37
8,0,2,38
8,0,2,39
8,0,2,40
8,0,2,41
8,0,2,42
8,0,2,43
8,0,2,44
8,0,2,46
8,0,2,47
8,0,2,48
8,0,2,49
8,0,2,50
8,0,2,51
8,0,2,52
8,0,2,53
8,0,2,54
8,0,2,55
8,0,2,57
8,0,2,58
8,0,2,59
8,0,2,60
8,0,2,61
8,0,2,62
8,0,2,63
8,0,2,64
8,0,2,65
8,0,2,66
8,0,2,67
8,0,1,0
8,0,1,1
8,0,1,2
8,0,1,3
8,0,1,4
8,0,1,5
8,0,1,6
8,0,1,7
8,0,1,8
8,0,1,9
8,1,1,10
8,1,1,12
8,1,1,13
8,1,1,14
8,1,1,15
8,1,1,16
8,1,1,17
8,1,1,18
8,1,1,19
8,1,1,20
8,1,1,21
8,1,1,23
8,1,1,24
8,1,1,25
8,1,1,26
8,1,1,27
8,1,1,28
8,1,1,29
8,1,1,30
8,1,1,31
8,1,1,32
8,1,1,33
8,1,1,34
8,1,1,35
8,1,1,36
8,1,1,37
8,1,1,38
8,1,1,39
8,1,1,40
8,1,1,41
8,1,1,42
8,1,1,43
8,1,1,44
8,1,1,46
8,1,1,47
8,1,1,48
8,1,1,49
8,1,1,50
8,1,1,51
8,1,1,52
8,1,1,53
8,1,1,54
8,1,1,55
8,1,1,57
8,1,1,58
8,1,1,59
8,1,1,60
8,1,1,61
8,1,1,62
8,1,1,63
8,1,1,64
8,1,1,65
8,1,1,66
8,1,1,67
8,1,0,0
8,1,0,1
8,1,0,2
8,1,0,3
8,1,0,4
8,1,0,5
8,1,0,6
8,1,0,7
8,1,0,8
8,1,0,9
8,1,0,10
8,1,0,12
8,1,0,13
8,1,0,14
8,1,0,15
8,1,0,16
8,1,0,17
8,1,0,18
8,1,0,19
8,1,0,20
8,1,0,21
8,1,0,23
8,1,0,24
8,1,0,25
8,1,0,26
8,1,0,27
8,1,0,28
8,1,0,29
8,1,0,30
8,1,0,31
8,1,0,32
8,1,0,33
8,1,0,34
8,1,0,35
8,1,0,36
8,1,0,37
8,1,0,38
8,1,0,39
8,1,0,40
8,1,0,41
8,1,0,42
8,1,0,43
8,1,0,44
8,1,0,46
8,1,0,47
8,1,0,48
8,1,0,49
8,1,0,50
8,1,0,51
8,1,0,52
8,1,0,53
8,1,0,54
8,1,0,55
8,1,0,57
8,1,0,58
8,1,0,59
8,1,0,60
8,1,0,61
8,1,0,62
8,1,0,63
8,1,0,64
8,1,0,65
8,1,0,66
8,1,0,67
8,1,3,0
8,1,3,1
8,1,3,2
8,1,3,3
8,1,3,4
8,1,3,5
8,1,3,6
8,1,3,7
8,1,3,8
8,1,3,9
8,1,3,10
8,1,3,12
8,1,3,13
8,1,3,14
8,1,3,15
8,1,3,16
8,1,3,17
8,1,3,18
8,1,3,19
8,1,3,20
8,1,3,21
8,1,3,23
8,1,3,24
8,1,3,25
8,1,3,26
8,1,3,27
8,1,3,28
8,1,3,29
8,1,3,30
8,1,3,31
8,1,3,32
8,1,3,33
8,1,3,34
8,1,3,35
8,1,3,36
8,1,3,37
8,1,3,38
8,1,3,39
8,1,3,40
8,1,3,41
8,1,3,42
8,1,3,43
8,1,3,44
8,1,3,46
8,1,3,47
8,1,3,48
8,1,3,49
8,1,3,50
8,1,3,51
8,1,3,52
8,1,3,53
8,1,3,54
8,1,3,55
8,1,3,57
8,1,3,58
8,1,3,59
8,1,3,60
8,1,3,61
8,1,3,62
8,1,3,63
8,1,3,64
8,1,3,65
8,1,3,66
8,1,3,67
8,1,2,0
8,1,2,1
8,1,2,2
8,1,2,3
8,1,2,4
8,1,2,5
8,1,2,6
8,1,2,7
8,1,2,8
8,1,2,9
8,1,2,10
8,1,2,12
8,1,2,13
8,1,2,14
8,1,2,15
8,1,2,16
8,1,2,17
8,1,2,18
8,1,2,19
8,1,2,20
8,1,2,21
8,1,2,23
8,1,2,24
8,1,2,25
8,1,2,26
8,1,2,27
8,1,2,28
8,1,2,29
8,1,2,30
8,1,2,31
8,1,2,32
8,1,2,33
8,1,2,34
8,1,2,35
8,1,2,36
8,1,2,37
8,1,2,38
8,1,2,39
8,1,2,40
8,1,2,41
8,1,2,42
8,1,2,43
8,1,2,44
8,1,2,46
8,1,2,47
8,1,2,48
8,1,2,49
8,1,2,50
8,1,2,51
8,1,2,52
8,1,2,53
8,1,2,54
8,1,2,55
8,1,2,57
8,1,2,58
8,1,2,59
8,1,2,60
8,1,2,61
8,1,2,62
8,1,2,63
8,1,2,64
8,1,2,65
8,1,2,66
8,1,2,67
8,1,1,0
8,1,1,1
8,1,1,2
8,1,1,3
8,1,1,4
8,1,1,5
8,1,1,6
8,1,1,7
8,1,1,8
8,1,1,9
4,0,1,10
4,0,1,12
4,0,1,13
4,0,1,14
4,0,1,15
4,0,1,16
4,0,1,17
4,0,1,18
4,0,1,19
4,0,1,20
4,0,1,21
4,0,1,23
4,0,1,24
4,0,1,25
4,0,1,26
4,0,1,27
4,0,1,28
4,0,1,29
4,0,1,30
4,0,1,31
4,0,1,32
4,0,1,33
4,0,1,34
4,0,1,35
4,0,1,36
4,0,1,37
4,0,1,38
4,0,1,39
4,0,1,40
4,0,1,41
4,0,1,42
4,0,1,43
4,0,1,44
4,0,1,46
4,0,1,47
4,0,1,48
4,0,1,49
4,0,1,50
4,0,1,51
4,0,1,52
4,0,1,53
4,0,1,54
4,0,1,55
4,0,1,57
4,0,1,58
4,0,1,59
4,0,1,60
4,0,1,61
4,0,1,62
4,0,1,63
4,0,1,64
4,0,1,65
4,0,1,66
4,0,1,67
4,0,0,0
4,0,0,1
4,0,0,2
4,0,0,3
4,0,0,4
4,0,0,5
4,0,0,6
4,0,0,7
4,0,0,8
4,0,0,9
4,0,0,10
4,0,0,12
4,0,0,13
4,0,0,14
4,0,0,15
4,0,0,16
4,0,0,17
4,0,0,18
4,0,0,19
4,0,0,20
4,0,0,21
4,0,0,23
4,0,0,24
4,0,0,25
4,0,0,26
4,0,0,27
4,0,0,28
4,0,0,29
4,0,0,30
4,0,0,31
4,0,0,32
4,0,0,33
4,0,0,34
4,0,0,35
4,0,0,36
4,0,0,37
4,0,0,38
4,0,0,39
4,0,0,40
4,0,0,41
4,0,0,42
4,0,0,43
4,0,0,44
4,0,0,46
4,0,0,47
4,0,0,48
4,0,0,49
4,0,0,50
4,0,0,51
4,0,0,52
4,0,0,53
4,0,0,54
4,0,0,55
4,0,0,57
4,0,0,58
4,0,0,59
4,0,0,60
4,0,0,61
4,0,0,62
4,0,0,63
4,0,0,64
4,0,0,65
4,0,0,66
4,0,0,67
4,0,3,0
4,0,3,1
4,0,3,2
4,0,3,3
4,0,3,4
4,0,3,5
4,0,3,6
4,0,3,7
4,0,3,8
4,0,3,9
4,0,3,10
4,0,3,12
4,0,3,13
4,0,3,14
4,0,3,15
4,0,3,16
4,0,3,17
4,0,3,18
4,0,3,19
4,0,3,20
4,0,3,21
4,0,3,23
4,0,3,24
4,0,3,25
4,0,3,26
4,0,3,27
4,0,3,28
4,0,3,29
4,0,3,30
4,0,3,31
4,0,3,32
4,0,3,33
4,0,3,34
4,0,3,35
4,0,3,36
4,0,3,37
4,0,3,38
4,0,3,39
4,0,3,40
4,0,3,41
4,0,3,42
4,0,3,43
4,0,3,44
4,0,3,46
4,0,3,47
4,0,3,48
4,0,3,49
4,0,3,50
4,0,3,51
4,0,3,52
4,0,3,53
4,0,3,54
4,0,3,55
4,0,3,57
4,0,3,58
4,0,3,59
4,0,3,60
4,0,3,61
4,0,3,62
4,0,3,63
4,0,3,64
4,0,3,65
4,0,3,66
4,0,3,67
4,0,2,0
4,0,2,1
4,0,2,2
4,0,2,3
4,0,2,4
4,0,2,5
4,0,2,6
4,0,2,7
4,0,2,8
4,0,2,9
4,0,2,10
4,0,2,12
4,0,2,13
4,0,2,14
4,0,2,15
4,0,2,16
4,0,2,17
4,0,2,18
4,0,2,19
4,0,2,20
4,0,2,21
4,0,2,23
4,0,2,24
4,0,2,25
4,0,2,26
4,0,2,27
4,0,2,28
4,0,2,29
4,0,2,30
4,0,2,31
4,0,2,32
4,0,2,33
4,0,2,34
4,0,2,35
4,0,2,36
4,0,2,37
4,0,2,38
4,0,2,39
4,0,2,40
4,0,2,41
4,0,2,42
4,0,2,43
4,0,2,44
4,0,2,46
4,0,2,47
4,0,2,48
4,0,2,49
4,0,2,50
4,0,2,51
4,0,2,52
4,0,2,53
4,0,2,54
4,0,2,55
4,0,2,57
4,0,2,58
4,0,2,59
4,0,2,60
4,0,2,61
4,0,2,62
4,0,2,63
4,0,2,64
4,0,2,65
4,0,2,66
4,0,2,67
4,0,1,0
4,0,1,1
4,0,1,2
4,0,1,3
4,0,1,4
4,0,1,5
4,0,1,6
4,0,1,7
4,0,1,8
4,0,1,9
4,1,1,10
4,1,1,12
4,1,1,13
4,1,1,14
4,1,1,15
4,1,1,16
4,1,1,17
4,1,1,18
4,1,1,19
4,1,1,20
4,1,1,21
4,1,1,23
4,1,1,24
4,1,1,25
4,1,1,26
4,1,1,27
4,1,1,28
4,1,1,29
4,1,1,30
4,1,1,31
4,1,1,32
4,1,1,33
4,1,1,34
4,1,1,35
4,1,1,36
4,1,1,37
4,1,1,38
4,1,1,39
4,1,1,40
4,1,1,41
4,1,1,42
4,1,1,43
4,1,1,44
4,1,1,46
4,1,1,47
4,1,1,48
4,1,1,49
4,1,1,50
4,1,1,51
4,1,1,52
4,1,1,53
4,1,1,54
4,1,1,55
4,1,1,57
4,1,1,58
4,1,1,59
4,1,1,60
4,1,1,61
4,1,1,62
4,1,1,63
4,1,1,64
4,1,1,65
4,1,1,66
4,1,1,67
4,1,0,0
4,1,0,1
4,1,0,2
4,1,0,3
4,1,0,4
4,1,0,5
4,1,0,6
4,1,0,7
4,1,0,8
4,1,0,9
4,1,0,10
4,1,0,12
4,1,0,13
4,1,0,14
4,1,0,15
4,1,0,16
4,1,0,17
4,1,0,18
4,1,0,19
4,1,0,20
4,1,0,21
4,1,0,23
4,1,0,24
4,1,0,25
4,1,0,26
4,1,0,27
4,1,0,28
4,1,0,29
4,1,0,30
4,1,0,31
4,1,0,32
4,1,0,33
4,1,0,34
4,1,0,35
4,1,0,36
4,1,0,37
4,1,0,38
4,1,0,39
4,1,0,40
4,1,0,41
4,1,0,42
4,1,0,43
4,1,0,44
4,1,0,46
4,1,0,47
4,1,0,48
4,1,0,49
4,1,0,50
4,1,0,51
4,1,0,52
4,1,0,53
4,1,0,54
4,1,0,55
4,1,0,57
4,1,0,58
4,1,0,59
4,1,0,60
4,1,0,61
4,1,0,62
4,1,0,63
4,1,0,64
4,1,0,65
4,1,0,66
4,1,0,67
4,1,3,0
4,1,3,1
4,1,3,2
4,1,3,3
4,1,3,4
4,1,3,5
4,1,3,6
4,1,3,7
4,1,3,8
4,1,3,9
4,1,3,10
4,1,3,12
4,1,3,13
4,1,3,14
4,1,3,15
4,1,3,16
4,1,3,17
4,1,3,18
4,1,3,19
4,1,3,20
4,1,3,21
4,1,3,23
4,1,3,24
4,1,3,25
4,1,3,26
4,1,3,27
4,1,3,28
4,1,3,29
4,1,3,30
4,1,3,31
4,1,3,32
4,1,3,33
4,1,3,34
4,1,3,35
4,1,3,36
4,1,3,37
4,1,3,38
4,1,3,39
4,1,3,40
4,1,3,41
4,1,3,42
4,1,3,43
4,1,3,44
4,1,3,46
4,1,3,47
4,1,3,48
4,1,3,49
4,1,3,50
4,1,3,51
4,1,3,52
4,1,3,53
4,1,3,54
4,1,3,55
4,1,3,57
4,1,3,58
4,1,3,59
4,1,3,60
4,1,3,61
4,1,3,62
4,1,3,63
4,1,3,64
4,1,3,65
4,1,3,66
4,1,3,67
4,1,2,0
4,1,2,1
4,1,2,2
4,1,2,3
4,1,2,4
4,1,2,5
4,1,2,6
4,1,2,7
4,1,2,8
4,1,2,9
4,1,2,10
4,1,2,12
4,1,2,13
4,1,2,14
4,1,2,15
4,1,2,16
4,1,2,17
4,1,2,18
4,1,2,19
4,1,2,20
4,1,2,21
4,1,2,23
4,1,2,24
4,1,2,25
4,1,2,26
4,1,2,27
4,1,2,28
4,1,2,29
4,1,2,30
4,1,2,31
4,1,2,32
4,1,2,33
4,1,2,34
4,1,2,35
4,1,2,36
4,1,2,37
4,1,2,38
4,1,2,39
4,1,2,40
4,1,2,41
4,1,2,42
4,1,2,43
4,1,2,44
4,1,2,46
4,1,2,47
4,1,2,48
4,1,2,49
4,1,2,50
4,1,2,51
4,1,2,52
4,1,2,53
4,1,2,54
4,1,2,55
4,1,2,57
4,1,2,58
4,1,2,59
4,1,2,60
4,1,2,61
4,1,2,62
4,1,2,63
4,1,2,64
4,1,2,65
4,1,2,66
4,1,2,67
4,1,1,0
4,1,1,1
4,1,1,2
4,1,1,3
4,1,1,4
4,1,1,5
4,1,1,6
4,1,1,7
4,1,1,8
4,1,1,9
8,2,1,10
8,2,1,12
8,2,1,13
8,2,1,14
8,2,1,15
8,2,1,16
8,2,1,17
8,2,1,18
8,2,1,19
8,2,1,20
8,2,1,21
8,2,1,23
8,2,1,24
8,2,1,25
8,2,1,26
8,2,1,27
8,2,1,28
8,2,1,29
8,2,1,30
8,2,1,31
8,2,1,32
8,2,1,33
8,2,1,34
8,2,1,35
8,2,1,36
8,2,1,37
8,2,1,38
8,2,1,39
8,2,1,40
8,2,1,41
8,2,1,42
8,2,1,43
8,2,1,44
8,2,1,46
8,2,1,47
8,2,1,48
8,2,1,49
8,2,1,50
8,2,1,51
8,2,1,52
8,2,1,53
8,2,1,54
8,2,1,55
8,2,1,57
8,2,1,58
8,2,1,59
8,2,1,60
8,2,1,61
8,2,1,62
8,2,1,63
8,2,1,64
8,2,1,65
8,2,1,66
8,2,1,67
8,2,0,0
8,2,0,1
8,2,0,2
8,2,0,3
8,2,0,4
8,2,0,5
8,2,0,6
8,2,0,7
8,2,0,8
8,2,0,9
8,2,0,10
8,2,0,12
8,2,0,13
8,2,0,14
8,2,0,15
8,2,0,16
8,2,0,17
8,2,0,18
8,2,0,19
8,2,0,20
8,2,0,21
8,2,0,23
8,2,0,24
8,2,0,25
8,2,0,26
8,2,0,27
8,2,0,28
8,2,0,29
8,2,0,30
8,2,0,31
8,2,0,32
8,2,0,33
8,2,0,34
8,2,0,35
8,2,0,36
8,2,0,37
8,2,0,38
8,2,0,39
8,2,0,40
8,2,0,41
8,2,0,42
8,2,0,43
8,2,0,44
8,2,0,46
8,2,0,47
8,2,0,48
8,2,0,49
8,2,0,50
8,2,0,51
8,2,0,52
8,2,0,53
8,2,0,54
8,2,0,55
8,2,0,57
8,2,0,58
8,2,0,59
8,2,0,60
8,2,0,61
8,2,0,62
8,2,0,63
8,2,0,64
8,2,0,65
8,2,0,66
8,2,0,67
8,2,3,0
8,2,3,1
8,2,3,2
8,2,3,3
8,2,3,4
8,2,3,5
8,2,3,6
8,2,3,7
8,2,3,8
8,2,3,9
8,2,3,10
8,2,3,12
8,2,3,13
8,2,3,14
8,2,3,15
8,2,3,16
8,2,3,17
8,2,3,18
8,2,3,19
8,2,3,20
8,2,3,21
8,2,3,23
8,2,3,24
8,2,3,25
8,2,3,26
8,2,3,27
8,2,3,28
8,2,3,29
8,2,3,30
8,2,3,31
8,2,3,32
8,2,3,33
8,2,3,34
8,2,3,35
8,2,3,36
8,2,3,37
8,2,3,38
8,2,3,39
8,2,3,40
8,2,3,41
8,2,3,42
8,2,3,43
8,2,3,44
8,2,3,46
8,2,3,47
8,2,3,48
8,2,3,49
8,2,3,50
8,2,3,51
8,2,3,52
8,2,3,53
8,2,3,54
8,2,3,55
8,2,3,57
8,2,3,58
8,2,3,59
8,2,3,60
8,2,3,61
8,2,3,62
8,2,3,63
8,2,3,64
8,2,3,65
8,2,3,66
8,2,3,67
8,2,2,0
8,2,2,1
8,2,2,2
8,2,2,3
8,2,2,4
8,2,2,5
8,2,2,6
8,2,2,7
8,2,2,8
8,2,2,9
8,2,2,10
8,2,2,12
8,2,2,13
8,2,2,14
8,2,2,15
8,2,2,16
8,2,2,17
8,2,2,18
8,2,2,19
8,2,2,20
8,2,2,21
8,2,2,23
8,2,2,24
8,2,2,25
8,2,2,26
8,2,2,27
8,2,2,28
8,2,2,29
8,2,2,30
8,2,2,31
8,2,2,32
8,2,2,33
8,2,2,34
8,2,2,35
8,2,2,36
8,2,2,37
8,2,2,38
8,2,2,39
8,2,2,40
8,2,2,41
8,2,2,42
8,2,2,43
8,2,2,44
8,2,2,46
8,2,2,47
8,2,2,48
8,2,2,49
8,2,2,50
8,2,2,51
8,2,2,52
8,2,2,53
8,2,2,54
8,2,2,55
8,2,2,57
8,2,2,58
8,2,2,59
8,2,2,60
8,2,2,61
8,2,2,62
8,2,2,63
8,2,2,64
8,2,2,65
8,2,2,66
8,2,2,67
8,2,1,0
8,2,1,1
8,2,1,2
8,2,1,3
8,2,1,4
8,2,1,5
8,2,1,6
8,2,1,7
8,2,1,8
8,2,1,9
8,3,1,10
8,3,1,12
8,3,1,13
8,3,1,14
8,3,1,15
8,3,1,16
8,3,1,17
8,3,1,18
8,3,1,19
8,3,1,20
8,3,1,21
8,3,1,23
8,3,1,24
8,3,1,25
8,3,1,26
8,3,1,27
8,3,1,28
8,3,1,29
8,3,1,30
8,3,1,31
8,3,1,32
8,3,1,33
8,3,1,34
8,3,1,35
8,3,1,36
8,3,1,37
8,3,1,38
8,3,1,39
8,3,1,40
8,3,1,41
8,3,1,42
8,3,1,43
8,3,1,44
8,3,1,46
8,3,1,47
8,3,1,48
8,3,1,49
8,3,1,50
8,3,1,51
8,3,1,52
8,3,1,53
8,3,1,54
8,3,1,55
8,3,1,57
8,3,1,58
8,3,1,59
8,3,1,60
8,3,1,61
8,3,1,62
8,3,1,63
8,3,1,64
8,3,1,65
8,3,1,66
8,3,1,67
8,3,0,0
8,3,0,1
8,3,0,2
8,3,0,3
8,3,0,4
8,3,0,5
8,3,0,6
8,3,0,7
8,3,0,8
8,3,0,9
8,3,0,10
8,3,0,12
8,3,0,13
8,3,0,14
8,3,0,15
8,3,0,16
8,3,0,17
8,3,0,18
8,3,0,19
8,3,0,20
8,3,0,21
8,3,0,23
8,3,0,24
8,3,0,25
8,3,0,26
8,3,0,27
8,3,0,28
8,3,0,29
8,3,0,30
8,3,0,31
8,3,0,32
8,3,0,33
8,3,0,34
8,3,0,35
8,3,0,36
8,3,0,37
8,3,0,38
8,3,0,39
8,3,0,40
8,3,0,41
8,3,0,42
8,3,0,43
8,3,0,44
8,3,0,46
8,3,0,47
8,3,0,48
8,3,0,49
8,3,0,50
8,3,0,51
8,3,0,52
8,3,0,53
8,3,0,54
8,3,0,55
8,3,0,57
8,3,0,58
8,3,0,59
8,3,0,60
8,3,0,61
8,3,0,62
8,3,0,63
8,3,0,64
8,3,0,65
8,3,0,66
8,3,0,67
8,3,3,0
8,3,3,1
8,3,3,2
8,3,3,3
8,3,3,4
8,3,3,5
8,3,3,6
8,3,3,7
8,3,3,8
8,3,3,9
8,3,3,10
8,3,3,12
8,3,3,13
8,3,3,14
8,3,3,15
8,3,3,16
8,3,3,17
8,3,3,18
8,3,3,19
8,3,3,20
8,3,3,21
8,3,3,23
8,3,3,24
8,3,3,25
8,3,3,26
8,3,3,27
8,3,3,28
8,3,3,29
8,3,3,30
8,3,3,31
8,3,3,32
8,3,3,33
8,3,3,34
8,3,3,35
8,3,3,36
8,3,3,37
8,3,3,38
8,3,3,39
8,3,3,40
8,3,3,41
8,3,3,42
8,3,3,43
8,3,3,44
8,3,3,46
8,3,3,47
8,3,3,48
8,3,3,49
8,3,3,50
8,3,3,51
8,3,3,52
8,3,3,53
8,3,3,54
8,3,3,55
8,3,3,57
8,3,3,58
8,3,3,59
8,3,3,60
8,3,3,61
8,3,3,62
8,3,3,63
8,3,3,64
8,3,3,65
8,3,3,66
8,3,3,67
8,3,2,0
8,3,2,1
8,3,2,2
8,3,2,3
8,3,2,4
8,3,2,5
8,3,2,6
8,3,2,7
8,3,2,8
8,3,2,9
8,3,2,10
8,3,2,12
8,3,2,13
8,3,2,14
8,3,2,15
8,3,2,16
8,3,2,17
8,3,2,18
8,3,2,19
8,3,2,20
8,3,2,21
8,3,2,23
8,3,2,24
8,3,2,25
8,3,2,26
8,3,2,27
8,3,2,28
8,3,2,29
8,3,2,30
8,3,2,31
8,3,2,32
8,3,2,33
8,3,2,34
8,3,2,35
8,3,2,36
8,3,2,37
8,3,2,38
8,3,2,39
8,3,2,40
8,3,2,41
8,3,2,42
8,3,2,43
8,3,2,44
8,3,2,46
8,3,2,47
8,3,2,48
8,3,2,49
8,3,2,50
8,3,2,51
8,3,2,52
8,3,2,53
8,3,2,54
8,3,2,55
8,3,2,57
8,3,2,58
8,3,2,59
8,3,2,60
8,3,2,61
8,3,2,62
8,3,2,63
8,3,2,64
8,3,2,65
8,3,2,66
8,3,2,67
8,3,1,0
8,3,1,1
8,3,1,2
8,3,1,3
8,3,1,4
8,3,1,5
8,3,1,6
8,3,1,7
8,3,1,8
8,3,1,9
2,0,1,10
2,0,1,12
2,0,1,13
2,0,1,14
2,0,1,15
2,0,1,16
2,0,1,17
2,0,1,18
2,0,1,19
2,0,1,20
2,0,1,21
2,0,1,23
2,0,1,24
2,0,1,25
2,0,1,26
2,0,1,27
2,0,1,28
2,0,1,29
2,0,1,30
2,0,1,31
2,0,1,32
2,0,1,33
2,0,1,34
2,0,1,35
2,0,1,36
2,0,1,37
2,0,1,38
2,0,1,39
2,0,1,40
2,0,1,41
2,0,1,42
2,0,1,43
2,0,1,44
2,0,1,46
2,0,1,47
2,0,1,48
2,0,1,49
2,0,1,50
2,0,1,51
2,0,1,52
2,0,1,53
2,0,1,54
2,0,1,55
2,0,1,57
2,0,1,58
2,0,1,59
2,0,1,60
2,0,1,61
2,0,1,62
2,0,1,63
2,0,1,64
2,0,1,65
2,0,1,66
2,0,1,67
2,0,0,0
2,0,0,1
2,0,0,2
2,0,0,3
2,0,0,4
2,0,0,5
2,0,0,6
2,0,0,7
2,0,0,8
2,0,0,9
2,0,0,10
2,0,0,12
2,0,0,13
2,0,0,14
2,0,0,15
2,0,0,16
2,0,0,17
2,0,0,18
2,0,0,19
2,0,0,20
2,0,0,21
2,0,0,23
2,0,0,24
2,0,0,25
2,0,0,26
2,0,0,27
2,0,0,28
2,0,0,29
2,0,0,30
2,0,0,31
2,0,0,32
2,0,0,33
2,0,0,34
2,0,0,35
2,0,0,36
2,0,0,37
2,0,0,38
2,0,0,39
2,0,0,40
2,0,0,41
2,0,0,42
2,0,0,43
2,0,0,44
2,0,0,46
2,0,0,47
2,0,0,48
2,0,0,49
2,0,0,50
2,0,0,51
2,0,0,52
2,0,0,53
2,0,0,54
2,0,0,55
2,0,0,57
2,0,0,58
2,0,0,59
2,0,0,60
2,0,0,61
2,0,0,62
2,0,0,63
2,0,0,64
2,0,0,65
2,0,0,66
2,0,0,67
2,0,3,0
2,0,3,1
2,0,3,2
2,0,3,3
2,0,3,4
2,0,3,5
2,0,3,6
2,0,3,7
2,0,3,8
2,0,3,9
2,0,3,10
2,0,3,12
2,0,3,13
2,0,3,14
2,0,3,15
2,0,3,16
2,0,3,17
2,0,3,18
2,0,3,19
2,0,3,20
2,0,3,21
2,0,3,23
2,0,3,24
2,0,3,25
2,0,3,26
2,0,3,27
2,0,3,28
2,0,3,29
2,0,3,30
2,0,3,31
2,0,3,32
2,0,3,33
2,0,3,34
2,0,3,35
2,0,3,36
2,0,3,37
2,0,3,38
2,0,3,39
2,0,3,40
2,0,3,41
2,0,3,42
2,0,3,43
2,0,3,44
2,0,3,46
2,0,3,47
2,0,3,48
2,0,3,49
2,0,3,50
2,0,3,51
2,0,3,52
2,0,3,53
2,0,3,54
2,0,3,55
2,0,3,57
2,0,3,58
2,0,3,59
2,0,3,60
2,0,3,61
2,0,3,62
2,0,3,63
2,0,3,64
2,0,3,65
2,0,3,66
2,0,3,67
2,0,2,0
2,0,2,1
2,0,2,2
2,0,2,3
2,0,2,4
2,0,2,5
2,0,2,6
2,0,2,7
2,0,2,8
2,0,2,9
2,0,2,10
2,0,2,12
2,0,2,13
2,0,2,14
2,0,2,15
2,0,2,16
2,0,2,17
2,0,2,18
2,0,2,19
2,0,2,20
2,0,2,21
2,0,2,23
2,0,2,24
2,0,2,25
2,0,2,26
2,0,2,27
2,0,2,28
2,0,2,29
2,0,2,30
2,0,2,31
2,0,2,32
2,0,2,33
2,0,2,34
2,0,2,35
2,0,2,36
2,0,2,37
2,0,2,38
2,0,2,39
2,0,2,40
2,0,2,41
2,0,2,42
2,0,2,43
2,0,2,44
2,0,2,46
2,0,2,47
2,0,2,48
2,0,2,49
2,0,2,50
2,0,2,51
2,0,2,52
2,0,2,53
2,0,2,54
2,0,2,55
2,0,2,57
2,0,2,58
2,0,2,59
2,0,2,60
2,0,2,61
2,0,2,62
2,0,2,63
2,0,2,64
2,0,2,65
2,0,2,66
2,0,2,67
2,0,1,0
2,0,1,1
2,0,1,2
2,0,1,3
2,0,1,4
2,0,1,5
2,0,1,6
2,0,1,7
2,0,1,8
2,0,1,9
2,1,1,10
2,1,1,12
2,1,1,13
2,1,1,14
2,1,1,15
2,1,1,16
2,1,1,17
2,1,1,18
2,1,1,19
2,1,1,20
2,1,1,21
2,1,1,23
2,1,1,24
2,1,1,25
2,1,1,26
2,1,1,27
2,1,1,28
2,1,1,29
2,1,1,30
2,1,1,31
2,1,1,32
2,1,1,33
2,1,1,34
2,1,1,35
2,1,1,36
2,1,1,37
2,1,1,38
2,1,1,39
2,1,1,40
2,1,1,41
2,1,1,42
2,1,1,43
2,1,1,44
2,1,1,46
2,1,1,47
2,1,1,48
2,1,1,49
2,1,1,50
2,1,1,51
2,1,1,52
2,1,1,53
2,1,1,54
2,1,1,55
2,1,1,57
2,1,1,58
2,1,1,59
2,1,1,60
2,1,1,61
2,1,1,62
2,1,1,63
2,1,1,64
2,1,1,65
2,1,1,66
2,1,1,67
2,1,0,0
2,1,0,1
2,1,0,2
2,1,0,3
2,1,0,4
2,1,0,5
2,1,0,6
2,1,0,7
2,1,0,8
2,1,0,9
2,1,0,10
2,1,0,12
2,1,0,13
2,1,0,14
2,1,0,15
2,1,0,16
2,1,0,17
2,1,0,18
2,1,0,19
2,1,0,20
2,1,0,21
2,1,0,23
2,1,0,24
2,1,0,25
2,1,0,26
2,1,0,27
2,1,0,28
2,1,0,29
2,1,0,30
2,1,0,31
2,1,0,32
2,1,0,33
2,1,0,34
2,1,0,35
2,1,0,36
2,1,0,37
2,1,0,38
2,1,0,39
2,1,0,40
2,1,0,41
2,1,0,42
2,1,0,43
2,1,0,44
2,1,0,46
2,1,0,47
2,1,0,48
2,1,0,49
2,1,0,50
2,1,0,51
2,1,0,52
2,1,0,53
2,1,0,54
2,1,0,55
2,1,0,57
2,1,0,58
2,1,0,59
2,1,0,60
2,1,0,61
2,1,0,62
2,1,0,63
2,1,0,64
2,1,0,65
2,1,0,66
2,1,0,67
2,1,3,0
2,1,3,1
2,1,3,2
2,1,3,3
2,1,3,4
2,1,3,5
2,1,3,6
2,1,3,7
2,1,3,8
2,1,3,9
2,1,3,10
2,1,3,12
2,1,3,13
2,1,3,14
2,1,3,15
2,1,3,16
2,1,3,17
2,1,3,18
2,1,3,19
2,1,3,20
2,1,3,21
2,1,3,23
2,1,3,24
2,1,3,25
2,1,3,26
2,1,3,27
2,1,3,28
2,1,3,29
2,1,3,30
2,1,3,31
2,1,3,32
2,1,3,33
2,1,3,34
2,1,3,35
2,1,3,36
2,1,3,37
2,1,3,38
2,1,3,39
2,1,3,40
2,1,3,41
2,1,3,42
2,1,3,43
2,1,3,44
2,1,3,46
2,1,3,47
2,1,3,48
2,1,3,49
2,1,3,50
2,1,3,51
2,1,3,52
2,1,3,53
2,1,3,54
2,1,3,55
2,1,3,57
2,1,3,58
2,1,3,59
2,1,3,60
2,1,3,61
2,1,3,62
2,1,3,63
2,1,3,64
2,1,3,65
2,1,3,66
2,1,3,67
2,1,2,0
2,1,2,1
2,1,2,2
2,1,2,3
2,1,2,4
2,1,2,5
2,1,2,6
2,1,2,7
2,1,2,8
2,1,2,9
2,1,2,10
2,1,2,12
2,1,2,13
2,1,2,14
2,1,2,15
2,1,2,16
2,1,2,17
2,1,2,18
2,1,2,19
2,1,2,20
2,1,2,21
2,1,2,23
2,1,2,24
2,1,2,25
2,1,2,26
2,1,2,27
2,1,2,28
2,1,2,29
2,1,2,30
2,1,2,31
2,1,2,32
2,1,2,33
2,1,2,34
2,1,2,35
2,1,2,36
2,1,2,37
2,1,2,38
2,1,2,39
2,1,2,40
2,1,2,41
2,1,2,42
2,1,2,43
2,1,2,44
2,1,2,46
2,1,2,47
2,1,2,48
2,1,2,49
2,1,2,50
2,1,2,51
2,1,2,52
2,1,2,53
2,1,2,54
2,1,2,55
2,1,2,57
2,1,2,58
2,1,2,59
2,1,2,60
2,1,2,61
2,1,2,62
2,1,2,63
2,1,2,64
2,1,2,65
2,1,2,66
2,1,2,67
2,1,1,0
2,1,1,1
2,1,1,2
2,1,1,3
2,1,1,4
2,1,1,5
2,1,1,6
2,1,1,7
2,1,1,8
2,1,1,9
9,0,1,10
9,0,1,12
9,0,1,13
9,0,1,14
9,0,1,15
9,0,1,16
9,0,1,17
9,0,1,18
9,0,1,19
9,0,1,20
9,0,1,21
9,0,1,23
9,0,1,24
9,0,1,25
9,0,1,26
9,0,1,27
9,0,1,28
9,0,1,29
9,0,1,30
9,0,1,31
9,0,1,32
9,0,1,33
9,0,1,34
9,0,1,35
9,0,1,36
9,0,1,37
9,0,1,38
9,0,1,39
9,0,1,40
9,0,1,41
9,0,1,42
9,0,1,43
9,0,1,44
9,0,1,46
9,0,1,47
9,0,1,48
9,0,1,49
9,0,1,50
9,0,1,51
9,0,1,52
9,0,1,53
9,0,1,54
9,0,1,55
9,0,1,57
9,0,1,58
9,0,1,59
9,0,1,60
9,0,1,61
9,0,1,62
9,0,1,63
9,0,1,64
9,0,1,65
9,0,1,66
9,0,1,67
9,0,0,0
9,0,0,1
9,0,0,2
9,0,0,3
9,0,0,4
9,0,0,5
9,0,0,6
9,0,0,7
9,0,0,8
9,0,0,9
9,0,0,10
9,0,0,12
9,0,0,13
9,0,0,14
9,0,0,15
9,0,0,16
9,0,0,17
9,0,0,18
9,0,0,19
9,0,0,20
9,0,0,21
9,0,0,23
9,0,0,24
9,0,0,25
9,0,0,26
9,0,0,27
9,0,0,28
9,0,0,29
9,0,0,30
9,0,0,31
9,0,0,32
9,0,0,33
9,0,0,34
9,0,0,35
9,0,0,36
9,0,0,37
9,0,0,38
9,0,0,39
9,0,0,40
9,0,0,41
9,0,0,42
9,0,0,43
9,0,0,44
9,0,0,46
9,0,0,47
9,0,0,48
9,0,0,49
9,0,0,50
9,0,0,51
9,0,0,52
9,0,0,53
9,0,0,54
9,0,0,55
9,0,0,57
9,0,0,58
9,0,0,59
9,0,0,60
9,0,0,61
9,0,0,62
9,0,0,63
9,0,0,64
9,0,0,65
9,0,0,66
9,0,0,67
9,0,3,0
9,0,3,1
9,0,3,2
9,0,3,3
9,0,3,4
9,0,3,5
9,0,3,6
9,0,3,7
9,0,3,8
9,0,3,9
9,0,3,10
9,0,3,12
9,0,3,13
9,0,3,14
9,0,3,15
9,0,3,16
9,0,3,17
9,0,3,18
9,0,3,19
9,0,3,20
9,0,3,21
9,0,3,23
9,0,3,24
9,0,3,25
9,0,3,26
9,0,3,27
9,0,3,28
9,0,3,29
9,0,3,30
9,0,3,31
9,0,3,32
9,0,3,33
9,0,3,34
9,0,3,35
9,0,3,36
9,0,3,37
9,0,3,38
9,0,3,39
9,0,3,40
9,0,3,41
9,0,3,42
9,0,3,43
9,0,3,44
9,0,3,46
9,0,3,47
9,0,3,48
9,0,3,49
9,0,3,50
9,0,3,51
9,0,3,52
9,0,3,53
9,0,3,54
9,0,3,55
9,0,3,57
9,0,3,58
9,0,3,59
9,0,3,60
9,0,3,61
9,0,3,62
9,0,3,63
9,0,3,64
9,0,3,65
9,0,3,66
9,0,3,67
9,0,2,0
9,0,2,1
9,0,2,2
9,0,2,3
9,0,2,4
9,0,2,5
9,0,2,6
9,0,2,7
9,0,2,8
9,0,2,9
9,0,2,10
9,0,2,12
9,0,2,13
9,0,2,14
9,0,2,15
9,0,2,16
9,0,2,17
9,0,2,18
9,0,2,19
9,0,2,20
9,0,2,21
9,0,2,23
9,0,2,24
9,0,2,25
9,0,2,26
9,0,2,27
9,0,2,28
9,0,2,29
9,0,2,30
9,0,2,31
9,0,2,32
9,0,2,33
9,0,2,34
9,0,2,35
9,0,2,36
9,0,2,37
9,0,2,38
9,0,2,39
9,0,2,40
9,0,2,41
9,0,2,42
9,0,2,43
9,0,2,44
9,0,2,46
9,0,2,47
9,0,2,48
9,0,2,49
9,0,2,50
9,0,2,51
9,0,2,52
9,0,2,53
9,0,2,54
9,0,2,55
9,0,2,57
9,0,2,58
9,0,2,59
9,0,2,60
9,0,2,61
9,0,2,62
9,0,2,63
9,0,2,64
9,0,2,65
9,0,2,66
9,0,2,67
9,0,1,0
9,0,1,1
9,0,1,2
9,0,1,3
9,0,1,4
9,0,1,5
9,0,1,6
9,0,1,7
9,0,1,8
9,0,1,9
9,1,1,10
9,1,1,12
9,1,1,13
9,1,1,14
9,1,1,15
9,1,1,16
9,1,1,17
9,1,1,18
9,1,1,19
9,1,1,20
9,1,1,21
9,1,1,23
9,1,1,24
9,1,1,25
9,1,1,26
9,1,1,27
9,1,1,28
9,1,1,29
9,1,1,30
9,1,1,31
9,1,1,32
9,1,1,33
9,1,1,34
9,1,1,35
9,1,1,36
9,1,1,37
9,1,1,38
9,1,1,39
9,1,1,40
9,1,1,41
9,1,1,42
9,1,1,43
9,1,1,44
9,1,1,46
9,1,1,47
9,1,1,48
9,1,1,49
9,1,1,50
9,1,1,51
9,1,1,52
9,1,1,53
9,1,1,54
9,1,1,55
9,1,1,57
9,1,1,58
9,1,1,59
9,1,1,60
9,1,1,61
9,1,1,62
9,1,1,63
9,1,1,64
9,1,1,65
9,1,1,66
9,1,1,67
9,1,0,0
9,1,0,1
9,1,0,2
9,1,0,3
9,1,0,4
9,1,0,5
9,1,0,6
9,1,0,7
9,1,0,8
9,1,0,9
9,1,0,10
9,1,0,12
9,1,0,13
9,1,0,14
9,1,0,15
9,1,0,16
9,1,0,17
9,1,0,18
9,1,0,19
9,1,0,20
9,1,0,21
9,1,0,23
9,1,0,24
9,1,0,25
9,1,0,26
9,1,0,27
9,1,0,28
9,1,0,29
9,1,0,30
9,1,0,31
9,1,0,32
9,1,0,33
9,1,0,34
9,1,0,35
9,1,0,36
9,1,0,37
9,1,0,38
9,1,0,39
9,1,0,40
9,1,0,41
9,1,0,42
9,1,0,43
9,1,0,44
9,1,0,46
9,1,0,47
9,1,0,48
9,1,0,49
9,1,0,50
9,1,0,51
9,1,0,52
9,1,0,53
9,1,0,54
9,1,0,55
9,1,0,57
9,1,0,58
9,1,0,59
9,1,0,60
9,1,0,61
9,1,0,62
9,1,0,63
9,1,0,64
9,1,0,65
9,1,0,66
9,1,0,67
9,1,3,0
9,1,3,1
9,1,3,2
9,1,3,3
9,1,3,4
9,1,3,5
9,1,3,6
9,1,3,7
9,1,3,8
9,1,3,9
9,1,3,10
9,1,3,12
9,1,3,13
9,1,3,14
9,1,3,15
9,1,3,16
9,1,3,17
9,1,3,18
9,1,3,19
9,1,3,20
9,1,3,21
9,1,3,23
9,1,3,24
9,1,3,25
9,1,3,26
9,1,3,27
9,1,3,28
9,1,3,29
9,1,3,30
9,1,3,31
9,1,3,32
9,1,3,33
9,1,3,34
9,1,3,35
9,1,3,36
9,1,3,37
9,1,3,38
9,1,3,39
9,1,3,40
9,1,3,41
9,1,3,42
9,1,3,43
9,1,3,44
9,1,3,46
9,1,3,47
9,1,3,48
9,1,3,49
9,1,3,50
9,1,3,51
9,1,3,52
9,1,3,53
9,1,3,54
9,1,3,55
9,1,3,57
9,1,3,58
9,1,3,59
9,1,3,60
9,1,3,61
9,1,3,62
9,1,3,63
9,1,3,64
9,1,3,65
9,1,3,66
9,1,3,67
9,1,2,0
9,1,2,1
9,1,2,2
9,1,2,3
9,1,2,4
9,1,2,5
9,1,2,6
9,1,2,7
9,1,2,8
9,1,2,9
9,1,2,10
9,1,2,12
9,1,2,13
9,1,2,14
9,1,2,15
9,1,2,16
9,1,2,17
9,1,2,18
9,1,2,19
9,1,2,20
9,1,2,21
9,1,2,23
9,1,2,24
9,1,2,25
9,1,2,26
9,1,2,27
9,1,2,28
9,1,2,29
9,1,2,30
9,1,2,31
9,1,2,32
9,1,2,33
9,1,2,34
9,1,2,35
9,1,2,36
9,1,2,37
9,1,2,38
9,1,2,39
9,1,2,40
9,1,2,41
9,1,2,42
9,1,2,43
9,1,2,44
9,1,2,46
9,1,2,47
9,1,2,48
9,1,2,49
9,1,2,50
9,1,2,51
9,1,2,52
9,1,2,53
9,1,2,54
9,1,2,55
9,1,2,57
9,1,2,58
9,1,2,59
9,1,2,60
9,1,2,61
9,1,2,62
9,1,2,63
9,1,2,64
9,1,2,65
9,1,2,66
9,1,2,67
9,1,1,0
9,1,1,1
9,1,1,2
9,1,1,3
9,1,1,4
9,1,1,5
9,1,1,6
9,1,1,7
9,1,1,8
9,1,1,9
4,2,1,10
4,2,1,12
4,2,1,13
4,2,1,14
4,2,1,15
4,2,1,16
4,2,1,17
4,2,1,18
4,2,1,19
4,2,1,20
4,2,1,21
4,2,1,23
4,2,1,24
4,2,1,25
4,2,1,26
4,2,1,27
4,2,1,28
4,2,1,29
4,2,1,30
4,2,1,31
4,2,1,32
4,2,1,33
4,2,1,34
4,2,1,35
4,2,1,36
4,2,1,37
4,2,1,38
4,2,1,39
4,2,1,40
4,2,1,41
4,2,1,42
4,2,1,43
4,2,1,44
4,2,1,46
4,2,1,47
4,2,1,48
4,2,1,49
4,2,1,50
4,2,1,51
4,2,1,52
4,2,1,53
4,2,1,54
4,2,1,55
4,2,1,57
4,2,1,58
4,2,1,59
4,2,1,60
4,2,1,61
4,2,1,62
4,2,1,63
4,2,1,64
4,2,1,65
4,2,1,66
4,2,1,67
4,2,0,0
4,2,0,1
4,2,0,2
4,2,0,3
4,2,0,4
4,2,0,5
4,2,0,6
4,2,0,7
4,2,0,8
4,2,0,9
4,2,0,10
4,2,0,12
4,2,0,13
4,2,0,14
4,2,0,15
4,2,0,16
4,2,0,17
4,2,0,18
4,2,0,19
4,2,0,20
4,2,0,21
4,2,0,23
4,2,0,24
4,2,0,25
4,2,0,26
4,2,0,27
4,2,0,28
4,2,0,29
4,2,0,30
4,2,0,31
4,2,0,32
4,2,0,33
4,2,0,34
4,2,0,35
4,2,0,36
4,2,0,37
4,2,0,38
4,2,0,39
4,2,0,40
4,2,0,41
4,2,0,42
4,2,0,43
4,2,0,44
4,2,0,46
4,2,0,47
4,2,0,48
4,2,0,49
4,2,0,50
4,2,0,51
4,2,0,52
4,2,0,53
4,2,0,54
4,2,0,55
4,2,0,57
4,2,0,58
4,2,0,59
4,2,0,60
4,2,0,61
4,2,0,62
4,2,0,63
4,2,0,64
4,2,0,65
4,2,0,66
4,2,0,67
4,2,3,0
4,2,3,1
4,2,3,2
4,2,3,3
4,2,3,4
4,2,3,5
4,2,3,6
4,2,3,7
4,2,3,8
4,2,3,9
4,2,3,10
4,2,3,12
4,2,3,13
4,2,3,14
4,2,3,15
4,2,3,16
4,2,3,17
4,2,3,18
4,2,3,19
4,2,3,20
4,2,3,21
4,2,3,23
4,2,3,24
4,2,3,25
4,2,3,26
4,2,3,27
4,2,3,28
4,2,3,29
4,2,3,30
4,2,3,31
4,2,3,32
4,2,3,33
4,2,3,34
4,2,3,35
4,2,3,36
4,2,3,37
4,2,3,38
4,2,3,39
4,2,3,40
4,2,3,41
4,2,3,42
4,2,3,43
4,2,3,44
4,2,3,46
4,2,3,47
4,2,3,48
4,2,3,49
4,2,3,50
4,2,3,51
4,2,3,52
4,2,3,53
4,2,3,54
4,2,3,55
4,2,3,57
4,2,3,58
4,2,3,59
4,2,3,60
4,2,3,61
4,2,3,62
4,2,3,63
4,2,3,64
4,2,3,65
4,2,3,66
4,2,3,67
4,2,2,0
4,2,2,1
4,2,2,2
4,2,2,3
4,2,2,4
4,2,2,5
4,2,2,6
4,2,2,7
4,2,2,8
4,2,2,9
4,2,2,10
4,2,2,12
4,2,2,13
4,2,2,14
4,2,2,15
4,2,2,16
4,2,2,17
4,2,2,18
4,2,2,19
4,2,2,20
4,2,2,21
4,2,2,23
4,2,2,24
4,2,2,25
4,2,2,26
4,2,2,27
4,2,2,28
4,2,2,29
4,2,2,30
4,2,2,31
4,2,2,32
4,2,2,33
4,2,2,34
4,2,2,35
4,2,2,36
4,2,2,37
4,2,2,38
4,2,2,39
4,2,2,40
4,2,2,41
4,2,2,42
4,2,2,43
4,2,2,44
4,2,2,46
4,2,2,47
4,2,2,48
4,2,2,49
4,2,2,50
4,2,2,51
4,2,2,52
4,2,2,53
4,2,2,54
4,2,2,55
4,2,2,57
4,2,2,58
4,2,2,59
4,2,2,60
4,2,2,61
4,2,2,62
4,2,2,63
4,2,2,64
4,2,2,65
4,2,2,66
4,2,2,67
4,2,1,0
4,2,1,1
4,2,1,2
4,2,1,3
4,2,1,4
4,2,1,5
4,2,1,6
4,2,1,7
4,2,1,8
4,2,1,9
4,3,1,10
4,3,1,12
4,3,1,13
4,3,1,14
4,3,1,15
4,3,1,16
4,3,1,17
4,3,1,18
4,3,1,19
4,3,1,20
4,3,1,21
4,3,1,23
4,3,1,24
4,3,1,25
4,3,1,26
4,3,1,27
4,3,1,28
4,3,1,29
4,3,1,30
4,3,1,31
4,3,1,32
4,3,1,33
4,3,1,34
4,3,1,35
4,3,1,36
4,3,1,37
4,3,1,38
4,3,1,39
4,3,1,40
4,3,1,41
4,3,1,42
4,3,1,43
4,3,1,44
4,3,1,46
4,3,1,47
4,3,1,48
4,3,1,49
4,3,1,50
4,3,1,51
4,3,1,52
4,3,1,53
4,3,1,54
4,3,1,55
4,3,1,57
4,3,1,58
4,3,1,59
4,3,1,60
4,3,1,61
4,3,1,62
4,3,1,63
4,3,1,64
4,3,1,65
4,3,1,66
4,3,1,67
4,3,0,0
4,3,0,1
4,3,0,2
4,3,0,3
4,3,0,4
4,3,0,5
4,3,0,6
4,3,0,7
4,3,0,8
4,3,0,9
4,3,0,10
4,3,0,12
4,3,0,13
4,3,0,14
4,3,0,15
4,3,0,16
4,3,0,17
4,3,0,18
4,3,0,19
4,3,0,20
4,3,0,21
4,3,0,23
4,3,0,24
4,3,0,25
4,3,0,26
4,3,0,27
4,3,0,28
4,3,0,29
4,3,0,30
4,3,0,31
4,3,0,32
4,3,0,33
4,3,0,34
4,3,0,35
4,3,0,36
4,3,0,37
4,3,0,38
4,3,0,39
4,3,0,40
4,3,0,41
4,3,0,42
4,3,0,43
4,3,0,44
4,3,0,46
4,3,0,47
4,3,0,48
4,3,0,49
4,3,0,50
4,3,0,51
4,3,0,52
4,3,0,53
4,3,0,54
4,3,0,55
4,3,0,57
4,3,0,58
4,3,0,59
4,3,0,60
4,3,0,61
4,3,0,62
4,3,0,63
4,3,0,64
4,3,0,65
4,3,0,66
4,3,0,67
4,3,3,0
4,3,3,1
4,3,3,2
4,3,3,3
4,3,3,4
4,3,3,5
4,3,3,6
4,3,3,7
4,3,3,8
4,3,3,9
4,3,3,10
4,3,3,12
4,3,3,13
4,3,3,14
4,3,3,15
4,3,3,16
4,3,3,17
4,3,3,18
4,3,3,19
4,3,3,20
4,3,3,21
4,3,3,23
4,3,3,24
4,3,3,25
4,3,3,26
4,3,3,27
4,3,3,28
4,3,3,29
4,3,3,30
4,3,3,31
4,3,3,32
4,3,3,33
4,3,3,34
4,3,3,35
4,3,3,36
4,3,3,37
4,3,3,38
4,3,3,39
4,3,3,40
4,3,3,41
4,3,3,42
4,3,3,43
4,3,3,44
4,3,3,46
4,3,3,47
4,3,3,48
4,3,3,49
4,3,3,50
4,3,3,51
4,3,3,52
4,3,3,53
4,3,3,54
4,3,3,55
4,3,3,57
4,3,3,58
4,3,3,59
4,3,3,60
4,3,3,61
4,3,3,62
4,3,3,63
4,3,3,64
4,3,3,65
4,3,3,66
4,3,3,67
4,3,2,0
4,3,2,1
4,3,2,2
4,3,2,3
4,3,2,4
4,3,2,5
4,3,2,6
4,3,2,7
4,3,2,8
4,3,2,9
4,3,2,10
4,3,2,12
4,3,2,13
4,3,2,14
4,3,2,15
4,3,2,16
4,3,2,17
4,3,2,18
4,3,2,19
4,3,2,20
4,3,2,21
4,3,2,23
4,3,2,24
4,3,2,25
4,3,2,26
4,3,2,27
4,3,2,28
4,3,2,29
4,3,2,30
4,3,2,31
4,3,2,32
4,3,2,33
4,3,2,34
4,3,2,35
4,3,2,36
4,3,2,37
4,3,2,38
4,3,2,39
4,3,2,40
4,3,2,41
4,3,2,42
4,3,2,43
4,3,2,44
4,3,2,46
4,3,2,47
4,3,2,48
4,3,2,49
4,3,2,50
4,3,2,51
4,3,2,52
4,3,2,53
4,3,2,54
4,3,2,55
4,3,2,57
4,3,2,58
4,3,2,59
4,3,2,60
4,3,2,61
4,3,2,62
4,3,2,63
4,3,2,64
4,3,2,65
4,3,2,66
4,3,2,67
4,3,1,0
4,3,1,1
4,3,1,2
4,3,1,3
4,3,1,4
4,3,1,5
4,3,1,6
4,3,1,7
4,3,1,8
4,3,1,9
9,2,1,10
9,2,1,12
9,2,1,13
9,2,1,14
9,2,1,15
9,2,1,16
9,2,1,17
9,2,1,18
9,2,1,19
9,2,1,20
9,2,1,21
9,2,1,23
9,2,1,24
9,2,1,25
9,2,1,26
9,2,1,27
9,2,1,28
9,2,1,29
9,2,1,30
9,2,1,31
9,2,1,32
9,2,1,33
9,2,1,34
9,2,1,35
9,2,1,36
9,2,1,37
9,2,1,38
9,2,1,39
9,2,1,40
9,2,1,41
9,2,1,42
9,2,1,43
9,2,1,44
9,2,1,46
9,2,1,47
9,2,1,48
9,2,1,49
9,2,1,50
9,2,1,51
9,2,1,52
9,2,1,53
9,2,1,54
9,2,1,55
9,2,1,57
9,2,1,58
9,2,1,59
9,2,1,60
9,2,1,61
9,2,1,62
9,2,1,63
9,2,1,64
9,2,1,65
9,2,1,66
9,2,1,67
9,2,0,0
9,2,0,1
9,2,0,2
9,2,0,3
9,2,0,4
9,2,0,5
9,2,0,6
9,2,0,7
9,2,0,8
9,2,0,9
9,2,0,10
9,2,0,12
9,2,0,13
9,2,0,14
9,2,0,15
9,2,0,16
9,2,0,17
9,2,0,18
9,2,0,19
9,2,0,20
9,2,0,21
9,2,0,23
9,2,0,24
9,2,0,25
9,2,0,26
9,2,0,27
9,2,0,28
9,2,0,29
9,2,0,30
9,2,0,31
9,2,0,32
9,2,0,33
9,2,0,34
9,2,0,35
9,2,0,36
9,2,0,37
9,2,0,38
9,2,0,39
9,2,0,40
9,2,0,41
9,2,0,42
9,2,0,43
9,2,0,44
9,2,0,46
9,2,0,47
9,2,0,48
9,2,0,49
9,2,0,50
9,2,0,51
9,2,0,52
9,2,0,53
9,2,0,54
9,2,0,55
9,2,0,57
9,2,0,58
9,2,0,59
9,2,0,60
9,2,0,61
9,2,0,62
9,2,0,63
9,2,0,64
9,2,0,65
9,2,0,66
9,2,0,67
9,2,3,0
9,2,3,1
9,2,3,2
9,2,3,3
9,2,3,4
9,2,3,5
9,2,3,6
9,2,3,7
9,2,3,8
9,2,3,9
9,2,3,10
9,2,3,12
9,2,3,13
9,2,3,14
9,2,3,15
9,2,3,16
9,2,3,17
9,2,3,18
9,2,3,19
9,2,3,20
9,2,3,21
9,2,3,23
9,2,3,24
9,2,3,25
9,2,3,26
9,2,3,27
9,2,3,28
9,2,3,29
9,2,3,30
9,2,3,31
9,2,3,32
9,2,3,33
9,2,3,34
9,2,3,35
9,2,3,36
9,2,3,37
9,2,3,38
9,2,3,39
9,2,3,40
9,2,3,41
9,2,3,42
9,2,3,43
9,2,3,44
9,2,3,46
9,2,3,47
9,2,3,48
9,2,3,49
9,2,3,50
9,2,3,51
9,2,3,52
9,2,3,53
9,2,3,54
9,2,3,55
9,2,3,57
9,2,3,58
9,2,3,59
9,2,3,60
9,2,3,61
9,2,3,62
9,2,3,63
9,2,3,64
9,2,3,65
9,2,3,66
9,2,3,67
9,2,2,0
9,2,2,1
9,2,2,2
9,2,2,3
9,2,2,4
9,2,2,5
9,2,2,6
9,2,2,7
9,2,2,8
9,2,2,9
9,2,2,10
9,2,2,12
9,2,2,13
9,2,2,14
9,2,2,15
9,2,2,16
9,2,2,17
9,2,2,18
9,2,2,19
9,2,2,20
9,2,2,21
9,2,2,23
9,2,2,24
9,2,2,25
9,2,2,26
9,2,2,27
9,2,2,28
9,2,2,29
9,2,2,30
9,2,2,31
9,2,2,32
9,2,2,33
9,2,2,34
9,2,2,35
9,2,2,36
9,2,2,37
9,2,2,38
9,2,2,39
9,2,2,40
9,2,2,41
9,2,2,42
9,2,2,43
9,2,2,44
9,2,2,46
9,2,2,47
9,2,2,48
9,2,2,49
9,2,2,50
9,2,2,51
9,2,2,52
9,2,2,53
9,2,2,54
9,2,2,55
9,2,2,57
9,2,2,58
9,2,2,59
9,2,2,60
9,2,2,61
9,2,2,62
9,2,2,63
9,2,2,64
9,2,2,65
9,2,2,66
9,2,2,67
9,2,1,0
9,2,1,1
9,2,1,2
9,2,1,3
9,2,1,4
9,2,1,5
9,2,1,6
9,2,1,7
9,2,1,8
9,2,1,9
9,3,1,10
9,3,1,12
9,3,1,13
9,3,1,14
9,3,1,15
9,3,1,16
9,3,1,17
9,3,1,18
9,3,1,19
9,3,1,20
9,3,1,21
9,3,1,23
9,3,1,24
9,3,1,25
9,3,1,26
9,3,1,27
9,3,1,28
9,3,1,29
9,3,1,30
9,3,1,31
9,3,1,32
9,3,1,33
9,3,1,34
9,3,1,35
9,3,1,36
9,3,1,37
9,3,1,38
9,3,1,39
9,3,1,40
9,3,1,41
9,3,1,42
9,3,1,43
9,3,1,44
9,3,1,46
9,3,1,47
9,3,1,48
9,3,1,49
9,3,1,50
9,3,1,51
9,3,1,52
9,3,1,53
9,3,1,54
9,3,1,55
9,3,1,57
9,3,1,58
9,3,1,59
9,3,1,60
9,3,1,61
9,3,1,62
9,3,1,63
9,3,1,64
9,3,1,65
9,3,1,66
9,3,1,67
9,3,0,0
9,3,0,1
9,3,0,2
9,3,0,3
9,3,0,4
9,3,0,5
9,3,0,6
9,3,0,7
9,3,0,8
9,3,0,9
9,3,0,10
9,3,0,12
9,3,0,13
9,3,0,14
9,3,0,15
9,3,0,16
9,3,0,17
9,3,0,18
9,3,0,19
9,3,0,20
9,3,0,21
9,3,0,23
9,3,0,24
9,3,0,25
9,3,0,26
9,3,0,27
9,3,0,28
9,3,0,29
9,3,0,30
9,3,0,31
9,3,0,32
9,3,0,33
9,3,0,34
9,3,0,35
9,3,0,36
9,3,0,37
9,3,0,38
9,3,0,39
9,3,0,40
9,3,0,41
9,3,0,42
9,3,0,43
9,3,0,44
9,3,0,46
9,3,0,47
9,3,0,48
9,3,0,49
9,3,0,50
9,3,0,51
9,3,0,52
9,3,0,53
9,3,0,54
9,3,0,55
9,3,0,57
9,3,0,58
9,3,0,59
9,3,0,60
9,3,0,61
9,3,0,62
9,3,0,63
9,3,0,64
9,3,0,65
9,3,0,66
9,3,0,67
9,3,3,0
9,3,3,1
9,3,3,2
9,3,3,3
9,3,3,4
9,3,3,5
9,3,3,6
9,3,3,7
9,3,3,8
9,3,3,9
9,3,3,10
9,3,3,12
9,3,3,13
9,3,3,14
9,3,3,15
9,3,3,16
9,3,3,17
9,3,3,18
9,3,3,19
9,3,3,20
9,3,3,21
9,3,3,23
9,3,3,24
9,3,3,25
9,3,3,26
9,3,3,27
9,3,3,28
9,3,3,29
9,3,3,30
9,3,3,31
9,3,3,32
9,3,3,33
9,3,3,34
9,3,3,35
9,3,3,36
9,3,3,37
9,3,3,38
9,3,3,39
9,3,3,40
9,3,3,41
9,3,3,42
9,3,3,43
9,3,3,44
9,3,3,46
9,3,3,47
9,3,3,48
9,3,3,49
9,3,3,50
9,3,3,51
9,3,3,52
9,3,3,53
9,3,3,54
9,3,3,55
9,3,3,57
9,3,3,58
9,3,3,59
9,3,3,60
9,3,3,61
9,3,3,62
9,3,3,63
9,3,3,64
9,3,3,65
9,3,3,66
9,3,3,67
9,3,2,0
9,3,2,1
9,3,2,2
9,3,2,3
9,3,2,4
9,3,2,5
9,3,2,6
9,3,2,7
9,3,2,8
9,3,2,9
9,3,2,10
9,3,2,12
9,3,2,13
9,3,2,14
9,3,2,15
9,3,2,16
9,3,2,17
9,3,2,18
9,3,2,19
9,3,2,20
9,3,2,21
9,3,2,23
9,3,2,24
9,3,2,25
9,3,2,26
9,3,2,27
9,3,2,28
9,3,2,29
9,3,2,30
9,3,2,31
9,3,2,32
9,3,2,33
9,3,2,34
9,3,2,35
9,3,2,36
9,3,2,37
9,3,2,38
9,3,2,39
9,3,2,40
9,3,2,41
9,3,2,42
9,3,2,43
9,3,2,44
9,3,2,46
9,3,2,47
9,3,2,48
9,3,2,49
9,3,2,50
9,3,2,51
9,3,2,52
9,3,2,53
9,3,2,54
9,3,2,55
9,3,2,57
9,3,2,58
9,3,2,59
9,3,2,60
9,3,2,61
9,3,2,62
9,3,2,63
9,3,2,64
9,3,2,65
9,3,2,66
9,3,2,67
9,3,1,0
9,3,1,1
9,3,1,2
9,3,1,3
9,3,1,4
9,3,1,5
9,3,1,6
9,3,1,7
9,3,1,8
9,3,1,9
0,0,1,10
0,0,1,12
0,0,1,13
0,0,1,14
0,0,1,15
0,0,1,16
0,0,1,17
0,0,1,18
0,0,1,19
0,0,1,20
0,0,1,21
0,0,1,23
0,0,1,24
0,0,1,25
0,0,1,26
0,0,1,27
0,0,1,28
0,0,1,29
0,0,1,30
0,0,1,31
0,0,1,32
0,0,1,33
0,0,1,34
0,0,1,35
0,0,1,36
0,0,1,37
0,0,1,38
0,0,1,39
0,0,1,40
0,0,1,41
0,0,1,42
0,0,1,43
0,0,1,44
0,0,1,46
0,0,1,47
0,0,1,48
0,0,1,49
0,0,1,50
0,0,1,51
0,0,1,52
0,0,1,53
0,0,1,54
0,0,1,55
0,0,1,57
0,0,1,58
0,0,1,59
0,0,1,60
0,0,1,61
0,0,1,62
0,0,1,63
0,0,1,64
0,0,1,65
0,0,1,66
0,0,1,67
0,0,0,0
0,0,0,1
0,0,0,2
0,0,0,3
0,0,0,4
0,0,0,5
0,0,0,6
0,0,0,7
0,0,0,8
0,0,0,9
0,0,0,10
0,0,0,12
0,0,0,13
0,0,0,14
0,0,0,15
0,0,0,16
0,0,0,17
0,0,0,18
0,0,0,19
0,0,0,20
0,0,0,21
0,0,0,23
0,0,0,24
0,0,0,25
0,0,0,26
0,0,0,27
0,0,0,28
0,0,0,29
0,0,0,30
0,0,0,31
0,0,0,32
0,0,0,33
0,0,0,34
0,0,0,35
0,0,0,36
0,0,0,37
0,0,0,38
0,0,0,39
0,0,0,40
0,0,0,41
0,0,0,42
0,0,0,43
0,0,0,44
0,0,0,46
0,0,0,47
0,0,0,48
0,0,0,49
0,0,0,50
0,0,0,51
0,0,0,52
0,0,0,53
0,0,0,54
0,0,0,55
0,0,0,57
0,0,0,58
0,0,0,59
0,0,0,60
0,0,0,61
0,0,0,62
0,0,0,63
0,0,0,64
0,0,0,65
0,0,0,66
0,0,0,67
0,0,3,0
0,0,3,1
0,0,3,2
0,0,3,3
0,0,3,4
0,0,3,5
0,0,3,6
0,0,3,7
0,0,3,8
0,0,3,9
0,0,3,10
0,0,3,12
0,0,3,13
0,0,3,14
0,0,3,15
0,0,3,16
0,0,3,17
0,0,3,18
0,0,3,19
0,0,3,20
0,0,3,21
0,0,3,23
0,0,3,24
0,0,3,25
0,0,3,26
0,0,3,27
0,0,3,28
0,0,3,29
0,0,3,30
0,0,3,31
0,0,3,32
0,0,3,33
0,0,3,34
0,0,3,35
0,0,3,36
0,0,3,37
0,0,3,38
0,0,3,39
0,0,3,40
0,0,3,41
0,0,3,42
0,0,3,43
0,0,3,44
0,0,3,46
0,0,3,47
0,0,3,48
0,0,3,49
0,0,3,50
0,0,3,51
0,0,3,52
0,0,3,53
0,0,3,54
0,0,3,55
0,0,3,57
0,0,3,58
0,0,3,59
0,0,3,60
0,0,3,61
0,0,3,62
0,0,3,63
0,0,3,64
0,0,3,65
0,0,3,66
0,0,3,67
0,0,2,0
0,0,2,1
0,0,2,2
0,0,2,3
0,0,2,4
0,0,2,5
0,0,2,6
0,0,2,7
0,0,2,8
0,0,2,9
0,0,2,10
0,0,2,12
0,0,2,13
0,0,2,14
0,0,2,15
0,0,2,16
0,0,2,17
0,0,2,18
0,0,2,19
0,0,2,20
0,0,2,21
0,0,2,23
0,0,2,24
0,0,2,25
0,0,2,26
0,0,2,27
0,0,2,28
0,0,2,29
0,0,2,30
0,0,2,31
0,0,2,32
0,0,2,33
0,0,2,34
0,0,2,35
0,0,2,36
0,0,2,37
0,0,2,38
0,0,2,39
0,0,2,40
0,0,2,41
0,0,2,42
0,0,2,43
0,0,2,44
0,0,2,46
0,0,2,47
0,0,2,48
0,0,2,49
0,0,2,50
0,0,2,51
0,0,2,52
0,0,2,53
0,0,2,54
0,0,2,55
0,0,2,57
0,0,2,58
0,0,2,59
0,0,2,60
0,0,2,61
0,0,2,62
0,0,2,63
0,0,2,64
0,0,2,65
0,0,2,66
0,0,2,67
0,0,1,0
0,0,1,1
0,0,1,2
0,0,1,3
0,0,1,4
0,0,1,5
0,0,1,6
0,0,1,7
0,0,1,8
0,0,1,9
0,1,1,10
0,1,1,12
0,1,1,13
0,1,1,14
0,1,1,15
0,1,1,16
0,1,1,17
0,1,1,18
0,1,1,19
0,1,1,20
0,1,1,21
0,1,1,23
0,1,1,24
0,1,1,25
0,1,1,26
0,1,1,27
0,1,1,28
0,1,1,29
0,1,1,30
0,1,1,31
0,1,1,32
0,1,1,33
0,1,1,34
0,1,1,35
0,1,1,36
0,1,1,37
0,1,1,38
0,1,1,39
0,1,1,40
0,1,1,41
0,1,1,42
0,1,1,43
0,1,1,44
0,1,1,46
0,1,1,47
0,1,1,48
0,1,1,49
0,1,1,50
0,1,1,51
0,1,1,52
0,1,1,53
0,1,1,54
0,1,1,55
0,1,1,57
0,1,1,58
0,1,1,59
0,1,1,60
0,1,1,61
0,1,1,62
0,1,1,63
0,1,1,64
0,1,1,65
0,1,1,66
0,1,1,67
0,1,0,0
0,1,0,1
0,1,0,2
0,1,0,3
0,1,0,4
0,1,0,5
0,1,0,6
0,1,0,7
0,1,0,8
0,1,0,9
0,1,0,10
0,1,0,12
0,1,0,13
0,1,0,14
0,1,0,15
0,1,0,16
0,1,0,17
0,1,0,18
0,1,0,19
0,1,0,20
0,1,0,21
0,1,0,23
0,1,0,24
0,1,0,25
0,1,0,26
0,1,0,27
0,1,0,28
0,1,0,29
0,1,0,30
0,1,0,31
0,1,0,32
0,1,0,33
0,1,0,34
0,1,0,35
0,1,0,36
0,1,0,37
0,1,0,38
0,1,0,39
0,1,0,40
0,1,0,41
0,1,0,42
0,1,0,43
0,1,0,44
0,1,0,46
0,1,0,47
0,1,0,48
0,1,0,49
0,1,0,50
0,1,0,51
0,1,0,52
0,1,0,53
0,1,0,54
0,1,0,55
0,1,0,57
0,1,0,58
0,1,0,59
0,1,0,60
0,1,0,61
0,1,0,62
0,1,0,63
0,1,0,64
0,1,0,65
0,1,0,66
0,1,0,67
0,1,3,0
0,1,3,1
0,1,3,2
0,1,3,3
0,1,3,4
0,1,3,5
0,1,3,6
0,1,3,7
0,1,3,8
0,1,3,9
0,1,3,10
0,1,3,12
0,1,3,13
0,1,3,14
0,1,3,15
0,1,3,16
0,1,3,17
0,1,3,18
0,1,3,19
0,1,3,20
0,1,3,21
0,1,3,23
0,1,3,24
0,1,3,25
0,1,3,26
0,1,3,27
0,1,3,28
0,1,3,29
0,1,3,30
0,1,3,31
0,1,3,32
0,1,3,33
0,1,3,34
0,1,3,35
0,1,3,36
0,1,3,37
0,1,3,38
0,1,3,39
0,1,3,40
0,1,3,41
0,1,3,42
0,1,3,43
0,1,3,44
0,1,3,46
0,1,3,47
0,1,3,48
0,1,3,49
0,1,3,50
0,1,3,51
0,1,3,52
0,1,3,53
0,1,3,54
0,1,3,55
0,1,3,57
0,1,3,58
0,1,3,59
0,1,3,60
0,1,3,61
0,1,3,62
0,1,3,63
0,1,3,64
0,1,3,65
0,1,3,66
0,1,3,67
0,1,2,0
0,1,2,1
0,1,2,2
0,1,2,3
0,1,2,4
0,1,2,5
0,1,2,6
0,1,2,7
0,1,2,8
0,1,2,9
0,1,2,10
0,1,2,12
0,1,2,13
0,1,2,14
0,1,2,15
0,1,2,16
0,1,2,17
0,1,2,18
0,1,2,19
0,1,2,20
0,1,2,21
0,1,2,23
0,1,2,24
0,1,2,25
0,1,2,26
0,1,2,27
0,1,2,28
0,1,2,29
0,1,2,30
0,1,2,31
0,1,2,32
0,1,2,33
0,1,2,34
0,1,2,35
0,1,2,36
0,1,2,37
0,1,2,38
0,1,2,39
0,1,2,40
0,1,2,41
0,1,2,42
0,1,2,43
0,1,2,44
0,1,2,46
0,1,2,47
0,1,2,48
0,1,2,49
0,1,2,50
0,1,2,51
0,1,2,52
0,1,2,53
0,1,2,54
0,1,2,55
0,1,2,57
0,1,2,58
0,1,2,59
0,1,2,60
0,1,2,61
0,1,2,62
0,1,2,63
0,1,2,64
0,1,2,65
0,1,2,66
0,1,2,67
0,1,1,0
0,1,1,1
0,1,1,2
0,1,1,3
0,1,1,4
0,1,1,5
0,1,1,6
0,1,1,7
0,1,1,8
0,1,1,9
5,0,1,10
5,0,1,12
5,0,1,13
5,0,1,14
5,0,1,15
5,0,1,16
5,0,1,17
5,0,1,18
5,0,1,19
5,0,1,20
5,0,1,21
5,0,1,23
5,0,1,24
5,0,1,25
5,0,1,26
5,0,1,27
5,0,1,28
5,0,1,29
5,0,1,30
5,0,1,31
5,0,1,32
5,0,1,33
5,0,1,34
5,0,1,35
5,0,1,36
5,0,1,37
5,0,1,38
5,0,1,39
5,0,1,40
5,0,1,41
5,0,1,42
5,0,1,43
5,0,1,44
5,0,1,46
5,0,1,47
5,0,1,48
5,0,1,49
5,0,1,50
5,0,1,51
5,0,1,52
5,0,1,53
5,0,1,54
5,0,1,55
5,0,1,57
5,0,1,58
5,0,1,59
5,0,1,60
5,0,1,61
5,0,1,62
5,0,1,63
5,0,1,64
5,0,1,65
5,0,1,66
5,0,1,67
5,0,0,0
5,0,0,1
5,0,0,2
5,0,0,3
5,0,0,4
5,0,0,5
5,0,0,6
5,0,0,7
5,0,0,8
5,0,0,9
5,0,0,10
5,0,0,12
5,0,0,13
5,0,0,14
5,0,0,15
5,0,0,16
5,0,0,17
5,0,0,18
5,0,0,19
5,0,0,20
5,0,0,21
5,0,0,23
5,0,0,24
5,0,0,25
5,0,0,26
5,0,0,27
5,0,0,28
5,0,0,29
5,0,0,30
5,0,0,31
5,0,0,32
5,0,0,33
5,0,0,34
5,0,0,35
5,0,0,36
5,0,0,37
5,0,0,38
5,0,0,39
5,0,0,40
5,0,0,41
5,0,0,42
5,0,0,43
5,0,0,44
5,0,0,46
5,0,0,47
5,0,0,48
5,0,0,49
5,0,0,50
5,0,0,51
5,0,0,52
5,0,0,53
5,0,0,54
5,0,0,55
5,0,0,57
5,0,0,58
5,0,0,59
5,0,0,60
5,0,0,61
5,0,0,62
5,0,0,63
5,0,0,64
5,0,0,65
5,0,0,66
5,0,0,67
5,0,3,0
5,0,3,1
5,0,3,2
5,0,3,3
5,0,3,4
5,0,3,5
5,0,3,6
5,0,3,7
5,0,3,8
5,0,3,9
5,0,3,10
5,0,3,12
5,0,3,13
5,0,3,14
5,0,3,15
5,0,3,16
5,0,3,17
5,0,3,18
5,0,3,19
5,0,3,20
5,0,3,21
5,0,3,23
5,0,3,24
5,0,3,25
5,0,3,26
5,0,3,27
5,0,3,28
5,0,3,29
5,0,3,30
5,0,3,31
5,0,3,32
5,0,3,33
5,0,3,34
5,0,3,35
5,0,3,36
5,0,3,37
5,0,3,38
5,0,3,39
5,0,3,40
5,0,3,41
5,0,3,42
5,0,3,43
5,0,3,44
5,0,3,46
5,0,3,47
5,0,3,48
5,0,3,49
5,0,3,50
5,0,3,51
5,0,3,52
5,0,3,53
5,0,3,54
5,0,3,55
5,0,3,57
5,0,3,58
5,0,3,59
5,0,3,60
5,0,3,61
5,0,3,62
5,0,3,63
5,0,3,64
5,0,3,65
5,0,3,66
5,0,3,67
5,0,2,0
5,0,2,1
5,0,2,2
5,0,2,3
5,0,2,4
5,0,2,5
5,0,2,6
5,0,2,7
5,0,2,8
5,0,2,9
5,0,2,10
5,0,2,12
5,0,2,13
5,0,2,14
5,0,2,15
5,0,2,16
5,0,2,17
5,0,2,18
5,0,2,19
5,0,2,20
5,0,2,21
5,0,2,23
5,0,2,24
5,0,2,25
5,0,2,26
5,0,2,27
5,0,2,28
5,0,2,29
5,0,2,30
5,0,2,31
5,0,2,32
5,0,2,33
5,0,2,34
5,0,2,35
5,0,2,36
5,0,2,37
5,0,2,38
5,0,2,39
5,0,2,40
5,0,2,41
5,0,2,42
5,0,2,43
5,0,2,44
5,0,2,46
5,0,2,47
5,0,2,48
5,0,2,49
5,0,2,50
5,0,2,51
5,0,2,52
5,0,2,53
5,0,2,54
5,0,2,55
5,0,2,57
5,0,2,58
5,0,2,59
5,0,2,60
5,0,2,61
5,0,2,62
5,0,2,63
5,0,2,64
5,0,2,65
5,0,2,66
5,0,2,67
5,0,1,0
5,0,1,1
5,0,1,2
5,0,1,3
5,0,1,4
5,0,1,5
5,0,1,6
5,0,1,7
5,0,1,8
5,0,1,9
5,1,1,10
5,1,1,12
5,1,1,13
5,1,1,14
5,1,1,15
5,1,1,16
5,1,1,17
5,1,1,18
5,1,1,19
5,1,1,20
5,1,1,21
5,1,1,23
5,1,1,24
5,1,1,25
5,1,1,26
5,1,1,27
5,1,1,28
5,1,1,29
5,1,1,30
5,1,1,31
5,1,1,32
5,1,1,33
5,1,1,34
5,1,1,35
5,1,1,36
5,1,1,37
5,1,1,38
5,1,1,39
5,1,1,40
5,1,1,41
5,1,1,42
5,1,1,43
5,1,1,44
5,1,1,46
5,1,1,47
5,1,1,48
5,1,1,49
5,1,1,50
5,1,1,51
5,1,1,52
5,1,1,53
5,1,1,54
5,1,1,55
5,1,1,57
5,1,1,58
5,1,1,59
5,1,1,60
5,1,1,61
5,1,1,62
5,1,1,63
5,1,1,64
5,1,1,65
5,1,1,66
5,1,1,67
5,1,0,0
5,1,0,1
5,1,0,2
5,1,0,3
5,1,0,4
5,1,0,5
5,1,0,6
5,1,0,7
5,1,0,8
5,1,0,9
5,1,0,10
5,1,0,12
5,1,0,13
5,1,0,14
5,1,0,15
5,1,0,16
5,1,0,17
5,1,0,18
5,1,0,19
5,1,0,20
5,1,0,21
5,1,0,23
5,1,0,24
5,1,0,25
5,1,0,26
5,1,0,27
5,1,0,28
5,1,0,29
5,1,0,30
5,1,0,31
5,1,0,32
5,1,0,33
5,1,0,34
5,1,0,35
5,1,0,36
5,1,0,37
5,1,0,38
5,1,0,39
5,1,0,40
5,1,0,41
5,1,0,42
5,1,0,43
5,1,0,44
5,1,0,46
5,1,0,47
5,1,0,48
5,1,0,49
5,1,0,50
5,1,0,51
5,1,0,52
5,1,0,53
5,1,0,54
5,1,0,55
5,1,0,57
5,1,0,58
5,1,0,59
5,1,0,60
5,1,0,61
5,1,0,62
5,1,0,63
5,1,0,64
5,1,0,65
5,1,0,66
5,1,0,67
5,1,3,0
5,1,3,1
5,1,3,2
5,1,3,3
5,1,3,4
5,1,3,5
5,1,3,6
5,1,3,7
5,1,3,8
5,1,3,9
5,1,3,10
5,1,3,12
5,1,3,13
5,1,3,14
5,1,3,15
5,1,3,16
5,1,3,17
5,1,3,18
5,1,3,19
5,1,3,20
5,1,3,21
5,1,3,23
5,1,3,24
5,1,3,25
5,1,3,26
5,1,3,27
5,1,3,28
5,1,3,29
5,1,3,30
5,1,3,31
5,1,3,32
5,1,3,33
5,1,3,34
5,1,3,35
5,1,3,36
5,1,3,37
5,1,3,38
5,1,3,39
5,1,3,40
5,1,3,41
5,1,3,42
5,1,3,43
5,1,3,44
5,1,3,46
5,1,3,47
5,1,3,48
5,1,3,49
5,1,3,50
5,1,3,51
5,1,3,52
5,1,3,53
5,1,3,54
5,1,3,55
5,1,3,57
5,1,3,58
5,1,3,59
5,1,3,60
5,1,3,61
5,1,3,62
5,1,3,63
5,1,3,64
5,1,3,65
5,1,3,66
5,1,3,67
5,1,2,0
5,1,2,1
5,1,2,2
5,1,2,3
5,1,2,4
5,1,2,5
5,1,2,6
5,1,2,7
5,1,2,8
5,1,2,9
5,1,2,10
5,1,2,12
5,1,2,13
5,1,2,14
5,1,2,15
5,1,2,16
5,1,2,17
5,1,2,18
5,1,2,19
5,1,2,20
5,1,2,21
5,1,2,23
5,1,2,24
5,1,2,25
5,1,2,26
5,1,2,27
5,1,2,28
5,1,2,29
5,1,2,30
5,1,2,31
5,1,2,32
5,1,2,33
5,1,2,34
5,1,2,35
5,1,2,36
5,1,2,37
5,1,2,38
5,1,2,39
5,1,2,40
5,1,2,41
5,1,2,42
5,1,2,43
5,1,2,44
5,1,2,46
5,1,2,47
5,1,2,48
5,1,2,49
5,1,2,50
5,1,2,51
5,1,2,52
5,1,2,53
5,1,2,54
5,1,2,55
5,1,2,57
5,1,2,58
5,1,2,59
5,1,2,60
5,1,2,61
5,1,2,62
5,1,2,63
5,1,2,64
5,1,2,65
5,1,2,66
5,1,2,67
5,1,1,0
5,1,1,1
5,1,1,2
5,1,1,3
5,1,1,4
5,1,1,5
5,1,1,6
5,1,1,7
5,1,1,8
5,1,1,9
2,2,1,10
2,2,1,12
2,2,1,13
2,2,1,14
2,2,1,15
2,2,1,16
2,2,1,17
2,2,1,18
2,2,1,19
2,2,1,20
2,2,1,21
2,2,1,23
2,2,1,24
2,2,1,25
2,2,1,26
2,2,1,27
2,2,1,28
2,2,1,29
2,2,1,30
2,2,1,31
2,2,1,32
2,2,1,33
2,2,1,34
2,2,1,35
2,2,1,36
2,2,1,37
2,2,1,38
2,2,1,39
2,2,1,40
2,2,1,41
2,2,1,42
2,2,1,43
2,2,1,44
2,2,1,46
2,2,1,47
2,2,1,48
2,2,1,49
2,2,1,50
2,2,1,51
2,2,1,52
2,2,1,53
2,2,1,54
2,2,1,55
2,2,1,57
2,2,1,58
2,2,1,59
2,2,1,60
2,2,1,61
2,2,1,62
2,2,1,63
2,2,1,64
2,2,1,65
2,2,1,66
2,2,1,67
2,2,0,0
2,2,0,1
2,2,0,2
2,2,0,3
2,2,0,4
2,2,0,5
2,2,0,6
2,2,0,7
2,2,0,8
2,2,0,9
2,2,0,10
2,2,0,12
2,2,0,13
2,2,0,14
2,2,0,15
2,2,0,16
2,2,0,17
2,2,0,18
2,2,0,19
2,2,0,20
2,2,0,21
2,2,0,23
2,2,0,24
2,2,0,25
2,2,0,26
2,2,0,27
2,2,0,28
2,2,0,29
2,2,0,30
2,2,0,31
2,2,0,32
2,2,0,33
2,2,0,34
2,2,0,35
2,2,0,36
2,2,0,37
2,2,0,38
2,2,0,39
2,2,0,40
2,2,0,41
2,2,0,42
2,2,0,43
2,2,0,44
2,2,0,46
2,2,0,47
2,2,0,48
2,2,0,49
2,2,0,50
2,2,0,51
2,2,0,52
2,2,0,53
2,2,0,54
2,2,0,55
2,2,0,57
2,2,0,58
2,2,0,59
2,2,0,60
2,2,0,61
2,2,0,62
2,2,0,63
2,2,0,64
2,2,0,65
2,2,0,66
2,2,0,67
2,2,3,0
2,2,3,1
2,2,3,2
2,2,3,3
2,2,3,4
2,2,3,5
2,2,3,6
2,2,3,7
2,2,3,8
2,2,3,9
2,2,3,10
2,2,3,12
2,2,3,13
2,2,3,14
2,2,3,15
2,2,3,16
2,2,3,17
2,2,3,18
2,2,3,19
2,2,3,20
2,2,3,21
2,2,3,23
2,2,3,24
2,2,3,25
2,2,3,26
2,2,3,27
2,2,3,28
2,2,3,29
2,2,3,30
2,2,3,31
2,2,3,32
2,2,3,33
2,2,3,34
2,2,3,35
2,2,3,36
2,2,3,37
2,2,3,38
2,2,3,39
2,2,3,40
2,2,3,41
2,2,3,42
2,2,3,43
2,2,3,44
2,2,3,46
2,2,3,47
2,2,3,48
2,2,3,49
2,2,3,50
2,2,3,51
2,2,3,52
2,2,3,53
2,2,3,54
2,2,3,55
2,2,3,57
2,2,3,58
2,2,3,59
2,2,3,60
2,2,3,61
2,2,3,62
2,2,3,63
2,2,3,64
2,2,3,65
2,2,3,66
2,2,3,67
2,2,2,0
2,2,2,1
2,2,2,2
2,2,2,3
2,2,2,4
2,2,2,5
2,2,2,6
2,2,2,7
2,2,2,8
2,2,2,9
2,2,2,10
2,2,2,12
2,2,2,13
2,2,2,14
2,2,2,15
2,2,2,16
2,2,2,17
2,2,2,18
2,2,2,19
2,2,2,20
2,2,2,21
2,2,2,23
2,2,2,24
2,2,2,25
2,2,2,26
2,2,2,27
2,2,2,28
2,2,2,29
2,2,2,30
2,2,2,31
2,2,2,32
2,2,2,33
2,2,2,34
2,2,2,35
2,2,2,36
2,2,2,37
2,2,2,38
2,2,2,39
2,2,2,40
2,2,2,41
2,2,2,42
2,2,2,43
2,2,2,44
2,2,2,46
2,2,2,47
2,2,2,48
2,2,2,49
2,2,2,50
2,2,2,51
2,2,2,52
2,2,2,53
2,2,2,54
2,2,2,55
2,2,2,57
2,2,2,58
2,2,2,59
2,2,2,60
2,2,2,61
2,2,2,62
2,2,2,63
2,2,2,64
2,2,2,65
2,2,2,66
2,2,2,67
2,2,1,0
2,2,1,1
2,2,1,2
2,2,1,3
2,2,1,4
2,2,1,5
2,2,1,6
2,2,1,7
2,2,1,8
2,2,1,9
2,3,1,10
2,3,1,12
2,3,1,13
2,3,1,14
2,3,1,15
2,3,1,16
2,3,1,17
2,3,1,18
2,3,1,19
2,3,1,20
2,3,1,21
2,3,1,23
2,3,1,24
2,3,1,25
2,3,1,26
2,3,1,27
2,3,1,28
2,3,1,29
2,3,1,30
2,3,1,31
2,3,1,32
2,3,1,33
2,3,1,34
2,3,1,35
2,3,1,36
2,3,1,37
2,3,1,38
2,3,1,39
2,3,1,40
2,3,1,41
2,3,1,42
2,3,1,43
2,3,1,44
2,3,1,46
2,3,1,47
2,3,1,48
2,3,1,49
2,3,1,50
2,3,1,51
2,3,1,52
2,3,1,53
2,3,1,54
2,3,1,55
2,3,1,57
2,3,1,58
2,3,1,59
2,3,1,60
2,3,1,61
2,3,1,62
2,3,1,63
2,3,1,64
2,3,1,65
2,3,1,66
2,3,1,67
2,3,0,0
2,3,0,1
2,3,0,2
2,3,0,3
2,3,0,4
2,3,0,5
2,3,0,6
2,3,0,7
2,3,0,8
2,3,0,9
2,3,0,10
2,3,0,12
2,3,0,13
2,3,0,14
2,3,0,15
2,3,0,16
2,3,0,17
2,3,0,18
2,3,0,19
2,3,0,20
2,3,0,21
2,3,0,23
2,3,0,24
2,3,0,25
2,3,0,26
2,3,0,27
2,3,0,28
2,3,0,29
2,3,0,30
2,3,0,31
2,3,0,32
2,3,0,33
2,3,0,34
2,3,0,35
2,3,0,36
2,3,0,37
2,3,0,38
2,3,0,39
2,3,0,40
2,3,0,41
2,3,0,42
2,3,0,43
2,3,0,44
2,3,0,46
2,3,0,47
2,3,0,48
2,3,0,49
2,3,0,50
2,3,0,51
2,3,0,52
2,3,0,53
2,3,0,54
2,3,0,55
2,3,0,57
2,3,0,58
2,3,0,59
2,3,0,60
2,3,0,61
2,3,0,62
2,3,0,63
2,3,0,64
2,3,0,65
2,3,0,66
2,3,0,67
2,3,3,0
2,3,3,1
2,3,3,2
2,3,3,3
2,3,3,4
2,3,3,5
2,3,3,6
2,3,3,7
2,3,3,8
2,3,3,9
2,3,3,10
2,3,3,12
2,3,3,13
2,3,3,14
2,3,3,15
2,3,3,16
2,3,3,17
2,3,3,18
2,3,3,19
2,3,3,20
2,3,3,21
2,3,3,23
2,3,3,24
2,3,3,25
2,3,3,26
2,3,3,27
2,3,3,28
2,3,3,29
2,3,3,30
2,3,3,31
2,3,3,32
2,3,3,33
2,3,3,34
2,3,3,35
2,3,3,36
2,3,3,37
2,3,3,38
2,3,3,39
2,3,3,40
2,3,3,41
2,3,3,42
2,3,3,43
2,3,3,44
2,3,3,46
2,3,3,47
2,3,3,48
2,3,3,49
2,3,3,50
2,3,3,51
2,3,3,52
2,3,3,53
2,3,3,54
2,3,3,55
2,3,3,57
2,3,3,58
2,3,3,59
2,3,3,60
2,3,3,61
2,3,3,62
2,3,3,63
2,3,3,64
2,3,3,65
2,3,3,66
2,3,3,67
2,3,2,0
2,3,2,1
2,3,2,2
2,3,2,3
2,3,2,4
2,3,2,5
2,3,2,6
2,3,2,7
2,3,2,8
2,3,2,9
2,3,2,10
2,3,2,12
2,3,2,13
2,3,2,14
2,3,2,15
2,3,2,16
2,3,2,17
2,3,2,18
2,3,2,19
2,3,2,20
2,3,2,21
2,3,2,23
2,3,2,24
2,3,2,25
2,3,2,26
2,3,2,27
2,3,2,28
2,3,2,29
2,3,2,30
2,3,2,31
2,3,2,32
2,3,2,33
2,3,2,34
2,3,2,35
2,3,2,36
2,3,2,37
2,3,2,38
2,3,2,39
2,3,2,40
2,3,2,41
2,3,2,42
2,3,2,43
2,3,2,44
2,3,2,46
2,3,2,47
2,3,2,48
2,3,2,49
2,3,2,50
2,3,2,51
2,3,2,52
2,3,2,53
2,3,2,54
2,3,2,55
2,3,2,57
2,3,2,58
2,3,2,59
2,3,2,60
2,3,2,61
2,3,2,62
2,3,2,63
2,3,2,64
2,3,2,65
2,3,2,66
2,3,2,67
2,3,1,0
2,3,1,1
2,3,1,2
2,3,1,3
2,3,1,4
2,3,1,5
2,3,1,6
2,3,1,7
2,3,1,8
2,3,1,9
5,2,1,10
5,2,1,12
5,2,1,13
5,2,1,14
5,2,1,15
5,2,1,16
5,2,1,17
5,2,1,18
5,2,1,19
5,2,1,20
5,2,1,21
5,2,1,23
5,2,1,24
5,2,1,25
5,2,1,26
5,2,1,27
5,2,1,28
5,2,1,29
5,2,1,30
5,2,1,31
5,2,1,32
5,2,1,33
5,2,1,34
5,2,1,35
5,2,1,36
5,2,1,37
5,2,1,38
5,2,1,39
5,2,1,40
5,2,1,41
5,2,1,42
5,2,1,43
5,2,1,44
5,2,1,46
5,2,1,47
5,2,1,48
5,2,1,49
5,2,1,50
5,2,1,51
5,2,1,52
5,2,1,53
5,2,1,54
5,2,1,55
5,2,1,57
5,2,1,58
5,2,1,59
5,2,1,60
5,2,1,61
5,2,1,62
5,2,1,63
5,2,1,64
5,2,1,65
5,2,1,66
5,2,1,67
5,2,0,0
5,2,0,1
5,2,0,2
5,2,0,3
5,2,0,4
5,2,0,5
5,2,0,6
5,2,0,7
5,2,0,8
5,2,0,9
5,2,0,10
5,2,0,12
5,2,0,13
5,2,0,14
5,2,0,15
5,2,0,16
5,2,0,17
5,2,0,18
5,2,0,19
5,2,0,20
5,2,0,21
5,2,0,23
5,2,0,24
5,2,0,25
5,2,0,26
5,2,0,27
5,2,0,28
5,2,0,29
5,2,0,30
5,2,0,31
5,2,0,32
5,2,0,33
5,2,0,34
5,2,0,35
5,2,0,36
5,2,0,37
5,2,0,38
5,2,0,39
5,2,0,40
5,2,0,41
5,2,0,42
5,2,0,43
5,2,0,44
5,2,0,46
5,2,0,47
5,2,0,48
5,2,0,49
5,2,0,50
5,2,0,51
5,2,0,52
5,2,0,53
5,2,0,54
5,2,0,55
5,2,0,57
5,2,0,58
5,2,0,59
5,2,0,60
5,2,0,61
5,2,0,62
5,2,0,63
5,2,0,64
5,2,0,65
5,2,0,66
5,2,0,67
5,2,3,0
5,2,3,1
5,2,3,2
5,2,3,3
5,2,3,4
5,2,3,5
5,2,3,6
5,2,3,7
5,2,3,8
5,2,3,9
5,2,3,10
5,2,3,12
5,2,3,13
5,2,3,14
5,2,3,15
5,2,3,16
5,2,3,17
5,2,3,18
5,2,3,19
5,2,3,20
5,2,3,21
5,2,3,23
5,2,3,24
5,2,3,25
5,2,3,26
5,2,3,27
5,2,3,28
5,2,3,29
5,2,3,30
5,2,3,31
5,2,3,32
5,2,3,33
5,2,3,34
5,2,3,35
5,2,3,36
5,2,3,37
5,2,3,38
5,2,3,39
5,2,3,40
5,2,3,41
5,2,3,42
5,2,3,43
5,2,3,44
5,2,3,46
5,2,3,47
5,2,3,48
5,2,3,49
5,2,3,50
5,2,3,51
5,2,3,52
5,2,3,53
5,2,3,54
5,2,3,55
5,2,3,57
5,2,3,58
5,2,3,59
5,2,3,60
5,2,3,61
5,2,3,62
5,2,3,63
5,2,3,64
5,2,3,65
5,2,3,66
5,2,3,67
5,2,2,0
5,2,2,1
5,2,2,2
5,2,2,3
5,2,2,4
5,2,2,5
5,2,2,6
5,2,2,7
5,2,2,8
5,2,2,9
5,2,2,10
5,2,2,12
5,2,2,13
5,2,2,14
5,2,2,15
5,2,2,16
5,2,2,17
5,2,2,18
5,2,2,19
5,2,2,20
5,2,2,21
5,2,2,23
5,2,2,24
5,2,2,25
5,2,2,26
5,2,2,27
5,2,2,28
5,2,2,29
5,2,2,30
5,2,2,31
5,2,2,32
5,2,2,33
5,2,2,34
5,2,2,35
5,2,2,36
5,2,2,37
5,2,2,38
5,2,2,39
5,2,2,40
5,2,2,41
5,2,2,42
5,2,2,43
5,2,2,44
5,2,2,46
5,2,2,47
5,2,2,48
5,2,2,49
5,2,2,50
5,2,2,51
5,2,2,52
5,2,2,53
5,2,2,54
5,2,2,55
5,2,2,57
5,2,2,58
5,2,2,59
5,2,2,60
5,2,2,61
5,2,2,62
5,2,2,63
5,2,2,64
5,2,2,65
5,2,2,66
5,2,2,67
5,2,1,0
5,2,1,1
5,2,1,2
5,2,1,3
5,2,1,4
5,2,1,5
5,2,1,6
5,2,1,7
5,2,1,8
5,2,1,9
5,3,1,10
5,3,1,12
5,3,1,13
5,3,1,14
5,3,1,15
5,3,1,16
5,3,1,17
5,3,1,18
5,3,1,19
5,3,1,20
5,3,1,21
5,3,1,23
5,3,1,24
5,3,1,25
5,3,1,26
5,3,1,27
5,3,1,28
5,3,1,29
5,3,1,30
5,3,1,31
5,3,1,32
5,3,1,33
5,3,1,34
5,3,1,35
5,3,1,36
5,3,1,37
5,3,1,38
5,3,1,39
5,3,1,40
5,3,1,41
5,3,1,42
5,3,1,43
5,3,1,44
5,3,1,46
5,3,1,47
5,3,1,48
5,3,1,49
5,3,1,50
5,3,1,51
5,3,1,52
5,3,1,53
5,3,1,54
5,3,1,55
5,3,1,57
5,3,1,58
5,3,1,59
5,3,1,60
5,3,1,61
5,3,1,62
5,3,1,63
5,3,1,64
5,3,1,65
5,3,1,66
5,3,1,67
5,3,0,0
5,3,0,1
5,3,0,2
5,3,0,3
5,3,0,4
5,3,0,5
5,3,0,6
5,3,0,7
5,3,0,8
5,3,0,9
5,3,0,10
5,3,0,12
5,3,0,13
5,3,0,14
5,3,0,15
5,3,0,16
5,3,0,17
5,3,0,18
5,3,0,19
5,3,0,20
5,3,0,21
5,3,0,23
5,3,0,24
5,3,0,25
5,3,0,26
5,3,0,27
5,3,0,28
5,3,0,29
5,3,0,30
5,3,0,31
5,3,0,32
5,3,0,33
5,3,0,34
5,3,0,35
5,3,0,36
5,3,0,37
5,3,0,38
5,3,0,39
5,3,0,40
5,3,0,41
5,3,0,42
5,3,0,43
5,3,0,44
5,3,0,46
5,3,0,47
5,3,0,48
5,3,0,49
5,3,0,50
5,3,0,51
5,3,0,52
5,3,0,53
5,3,0,54
5,3,0,55
5,3,0,57
5,3,0,58
5,3,0,59
5,3,0,60
5,3,0,61
5,3,0,62
5,3,0,63
5,3,0,64
5,3,0,65
5,3,0,66
5,3,0,67
5,3,3,0
5,3,3,1
5,3,3,2
5,3,3,3
5,3,3,4
5,3,3,5
5,3,3,6
5,3,3,7
5,3,3,8
5,3,3,9
5,3,3,10
5,3,3,12
5,3,3,13
5,3,3,14
5,3,3,15
5,3,3,16
5,3,3,17
5,3,3,18
5,3,3,19
5,3,3,20
5,3,3,21
5,3,3,23
5,3,3,24
5,3,3,25
5,3,3,26
5,3,3,27
5,3,3,28
5,3,3,29
5,3,3,30
5,3,3,31
5,3,3,32
5,3,3,33
5,3,3,34
5,3,3,35
5,3,3,36
5,3,3,37
5,3,3,38
5,3,3,39
5,3,3,40
5,3,3,41
5,3,3,42
5,3,3,43
5,3,3,44
5,3,3,46
5,3,3,47
5,3,3,48
5,3,3,49
5,3,3,50
5,3,3,51
5,3,3,52
5,3,3,53
5,3,3,54
5,3,3,55
5,3,3,57
5,3,3,58
5,3,3,59
5,3,3,60
5,3,3,61
5,3,3,62
5,3,3,63
5,3,3,64
5,3,3,65
5,3,3,66
5,3,3,67
5,3,2,0
5,3,2,1
5,3,2,2
5,3,2,3
5,3,2,4
5,3,2,5
5,3,2,6
5,3,2,7
5,3,2,8
5,3,2,9
5,3,2,10
5,3,2,12
5,3,2,13
5,3,2,14
5,3,2,15
5,3,2,16
5,3,2,17
5,3,2,18
5,3,2,19
5,3,2,20
5,3,2,21
5,3,2,23
5,3,2,24
5,3,2,25
5,3,2,26
5,3,2,27
5,3,2,28
5,3,2,29
5,3,2,30
5,3,2,31
5,3,2,32
5,3,2,33
5,3,2,34
5,3,2,35
5,3,2,36
5,3,2,37
5,3,2,38
5,3,2,39
5,3,2,40
5,3,2,41
5,3,2,42
5,3,2,43
5,3,2,44
5,3,2,46
5,3,2,47
5,3,2,48
5,3,2,49
5,3,2,50
5,3,2,51
5,3,2,52
5,3,2,53
5,3,2,54
5,3,2,55
5,3,2,57
5,3,2,58
5,3,2,59
5,3,2,60
5,3,2,61
5,3,2,62
5,3,2,63
5,3,2,64
5,3,2,65
5,3,2,66
5,3,2,67
5,3,1,0
5,3,1,1
5,3,1,2
5,3,1,3
5,3,1,4
5,3,1,5
5,3,1,6
5,3,1,7
5,3,1,8
5,3,1,9
0,3,1,10
0,3,1,12
0,3,1,13
0,3,1,14
0,3,1,15
0,3,1,16
0,3,1,17
0,3,1,18
0,3,1,19
0,3,1,20
0,3,1,21
0,3,1,23
0,3,1,24
0,3,1,25
0,3,1,26
0,3,1,27
0,3,1,28
0,3,1,29
0,3,1,30
0,3,1,31
0,3,1,32
0,3,1,33
0,3,1,34
0,3,1,35
0,3,1,36
0,3,1,37
0,3,1,38
0,3,1,39
0,3,1,40
0,3,1,41
0,3,1,42
0,3,1,43
0,3,1,44
0,3,1,46
0,3,1,47
0,3,1,48
0,3,1,49
0,3,1,50
0,3,1,51
0,3,1,52
0,3,1,53
0,3,1,54
0,3,1,55
0,3,1,57
0,3,1,58
0,3,1,59
0,3,1,60
0,3,1,61
0,3,1,62
0,3,1,63
0,3,1,64
0,3,1,65
0,3,1,66
0,3,1,67
0,3,0,0
0,3,0,1
0,3,0,2
0,3,0,3
0,3,0,4
0,3,0,5
0,3,0,6
0,3,0,7
0,3,0,8
0,3,0,9
0,3,0,10
0,3,0,12
0,3,0,13
0,3,0,14
0,3,0,15
0,3,0,16
0,3,0,17
0,3,0,18
0,3,0,19
0,3,0,20
0,3,0,21
0,3,0,23
0,3,0,24
0,3,0,25
0,3,0,26
0,3,0,27
0,3,0,28
0,3,0,29
0,3,0,30
0,3,0,31
0,3,0,32
0,3,0,33
0,3,0,34
0,3,0,35
0,3,0,36
0,3,0,37
0,3,0,38
0,3,0,39
0,3,0,40
0,3,0,41
0,3,0,42
0,3,0,43
0,3,0,44
0,3,0,46
0,3,0,47
0,3,0,48
0,3,0,49
0,3,0,50
0,3,0,51
0,3,0,52
0,3,0,53
0,3,0,54
0,3,0,55
0,3,0,57
0,3,0,58
0,3,0,59
0,3,0,60
0,3,0,61
0,3,0,62
0,3,0,63
0,3,0,64
0,3,0,65
0,3,0,66
0,3,0,67
0,3,3,0
0,3,3,1
0,3,3,2
0,3,3,3
0,3,3,4
0,3,3,5
0,3,3,6
0,3,3,7
0,3,3,8
0,3,3,9
0,3,3,10
0,3,3,12
0,3,3,13
0,3,3,14
0,3,3,15
0,3,3,16
0,3,3,17
0,3,3,18
0,3,3,19
0,3,3,20
0,3,3,21
0,3,3,23
0,3,3,24
0,3,3,25
0,3,3,26
0,3,3,27
0,3,3,28
0,3,3,29
0,3,3,30
0,3,3,31
0,3,3,32
0,3,3,33
0,3,3,34
0,3,3,35
0,3,3,36
0,3,3,37
0,3,3,38
0,3,3,39
0,3,3,40
0,3,3,41
0,3,3,42
0,3,3,43
0,3,3,44
0,3,3,46
0,3,3,47
0,3,3,48
0,3,3,49
0,3,3,50
0,3,3,51
0,3,3,52
0,3,3,53
0,3,3,54
0,3,3,55
0,3,3,57
0,3,3,58
0,3,3,59
0,3,3,60
0,3,3,61
0,3,3,62
0,3,3,63
0,3,3,64
0,3,3,65
0,3,3,66
0,3,3,67
0,3,2,0
0,3,2,1
0,3,2,2
0,3,2,3
0,3,2,4
0,3,2,5
0,3,2,6
0,3,2,7
0,3,2,8
0,3,2,9
0,3,2,10
0,3,2,12
0,3,2,13
0,3,2,14
0,3,2,15
0,3,2,16
0,3,2,17
0,3,2,18
0,3,2,19
0,3,2,20
0,3,2,21
0,3,2,23
0,3,2,24
0,3,2,25
0,3,2,26
0,3,2,27
0,3,2,28
0,3,2,29
0,3,2,30
0,3,2,31
0,3,2,32
0,3,2,33
0,3,2,34
0,3,2,35
0,3,2,36
0,3,2,37
0,3,2,38
0,3,2,39
0,3,2,40
0,3,2,41
0,3,2,42
0,3,2,43
0,3,2,44
0,3,2,46
0,3,2,47
0,3,2,48
0,3,2,49
0,3,2,50
0,3,2,51
0,3,2,52
0,3,2,53
0,3,2,54
0,3,2,55
0,3,2,57
0,3,2,58
0,3,2,59
0,3,2,60
0,3,2,61
0,3,2,62
0,3,2,63
0,3,2,64
0,3,2,65
0,3,2,66
0,3,2,67
0,3,1,0
0,3,1,1
0,3,1,2
0,3,1,3
0,3,1,4
0,3,1,5
0,3,1,6
0,3,1,7
0,3,1,8
0,3,1,9
0,2,1,10
0,2,1,12
0,2,1,13
0,2,1,14
0,2,1,15
0,2,1,16
0,2,1,17
0,2,1,18
0,2,1,19
0,2,1,20
0,2,1,21
0,2,1,23
0,2,1,24
0,2,1,25
0,2,1,26
0,2,1,27
0,2,1,28
0,2,1,29
0,2,1,30
0,2,1,31
0,2,1,32
0,2,1,33
0,2,1,34
0,2,1,35
0,2,1,36
0,2,1,37
0,2,1,38
0,2,1,39
0,2,1,40
0,2,1,41
0,2,1,42
0,2,1,43
0,2,1,44
0,2,1,46
0,2,1,47
0,2,1,48
0,2,1,49
0,2,1,50
0,2,1,51
0,2,1,52
0,2,1,53
0,2,1,54
0,2,1,55
0,2,1,57
0,2,1,58
0,2,1,59
0,2,1,60
0,2,1,61
0,2,1,62
0,2,1,63
0,2,1,64
0,2,1,65
0,2,1,66
0,2,1,67
0,2,0,0
0,2,0,1
0,2,0,2
0,2,0,3
0,2,0,4
0,2,0,5
0,2,0,6
0,2,0,7
0,2,0,8
0,2,0,9
0,2,0,10
0,2,0,12
0,2,0,13
0,2,0,14
0,2,0,15
0,2,0,16
0,2,0,17
0,2,0,18
0,2,0,19
0,2,0,20
0,2,0,21
0,2,0,23
0,2,0,24
0,2,0,25
0,2,0,26
0,2,0,27
0,2,0,28
0,2,0,29
0,2,0,30
0,2,0,31
0,2,0,32
0,2,0,33
0,2,0,34
0,2,0,35
0,2,0,36
0,2,0,37
0,2,0,38
0,2,0,39
0,2,0,40
0,2,0,41
0,2,0,42
0,2,0,43
0,2,0,44
0,2,0,46
0,2,0,47
0,2,0,48
0,2,0,49
0,2,0,50
0,2,0,51
0,2,0,52
0,2,0,53
0,2,0,54
0,2,0,55
0,2,0,57
0,2,0,58
0,2,0,59
0,2,0,60
0,2,0,61
0,2,0,62
0,2,0,63
0,2,0,64
0,2,0,65
0,2,0,66
0,2,0,67
0,2,3,0
0,2,3,1
0,2,3,2
0,2,3,3
0,2,3,4
0,2,3,5
0,2,3,6
0,2,3,7
0,2,3,8
0,2,3,9
0,2,3,10
0,2,3,12
0,2,3,13
0,2,3,14
0,2,3,15
0,2,3,16
0,2,3,17
0,2,3,18
0,2,3,19
0,2,3,20
0,2,3,21
0,2,3,23
0,2,3,24
0,2,3,25
0,2,3,26
0,2,3,27
0,2,3,28
0,2,3,29
0,2,3,30
0,2,3,31
0,2,3,32
0,2,3,33
0,2,3,34
0,2,3,35
0,2,3,36
0,2,3,37
0,2,3,38
0,2,3,39
0,2,3,40
0,2,3,41
0,2,3,42
0,2,3,43
0,2,3,44
0,2,3,46
0,2,3,47
0,2,3,48
0,2,3,49
0,2,3,50
0,2,3,51
0,2,3,52
0,2,3,53
0,2,3,54
0,2,3,55
0,2,3,57
0,2,3,58
0,2,3,59
0,2,3,60
0,2,3,61
0,2,3,62
0,2,3,63
0,2,3,64
0,2,3,65
0,2,3,66
0,2,3,67
0,2,2,0
0,2,2,1
0,2,2,2
0,2,2,3
0,2,2,4
0,2,2,5
0,2,2,6
0,2,2,7
0,2,2,8
0,2,2,9
0,2,2,10
0,2,2,12
0,2,2,13
0,2,2,14
0,2,2,15
0,2,2,16
0,2,2,17
0,2,2,18
0,2,2,19
0,2,2,20
0,2,2,21
0,2,2,23
0,2,2,24
0,2,2,25
0,2,2,26
0,2,2,27
0,2,2,28
0,2,2,29
0,2,2,30
0,2,2,31
0,2,2,32
0,2,2,33
0,2,2,34
0,2,2,35
0,2,2,36
0,2,2,37
0,2,2,38
0,2,2,39
0,2,2,40
0,2,2,41
0,2,2,42
0,2,2,43
0,2,2,44
0,2,2,46
0,2,2,47
0,2,2,48
0,2,2,49
0,2,2,50
0,2,2,51
0,2,2,52
0,2,2,53
0,2,2,54
0,2,2,55
0,2,2,57
0,2,2,58
0,2,2,59
0,2,2,60
0,2,2,61
0,2,2,62
0,2,2,63
0,2,2,64
0,2,2,65
0,2,2,66
0,2,2,67
0,2,1,0
0,2,1,1
0,2,1,2
0,2,1,3
0,2,1,4
0,2,1,5
0,2,1,6
0,2,1,7
0,2,1,8
0,2,1,9
6,0,1,10
6,0,1,12
6,0,1,13
6,0,1,14
6,0,1,15
6,0,1,16
6,0,1,17
6,0,1,18
6,0,1,19
6,0,1,20
6,0,1,21
6,0,1,23
6,0,1,24
6,0,1,25
6,0,1,26
6,0,1,27
6,0,1,28
6,0,1,29
6,0,1,30
6,0,1,31
6,0,1,32
6,0,1,33
6,0,1,34
6,0,1,35
6,0,1,36
6,0,1,37
6,0,1,38
6,0,1,39
6,0,1,40
6,0,1,41
6,0,1,42
6,0,1,43
6,0,1,44
6,0,1,46
6,0,1,47
6,0,1,48
6,0,1,49
6,0,1,50
6,0,1,51
6,0,1,52
6,0,1,53
6,0,1,54
6,0,1,55
6,0,1,57
6,0,1,58
6,0,1,59
6,0,1,60
6,0,1,61
6,0,1,62
6,0,1,63
6,0,1,64
6,0,1,65
6,0,1,66
6,0,1,67
6,0,0,0
6,0,0,1
6,0,0,2
6,0,0,3
6,0,0,4
6,0,0,5
6,0,0,6
6,0,0,7
6,0,0,8
6,0,0,9
6,0,0,10
6,0,0,12
6,0,0,13
6,0,0,14
6,0,0,15
6,0,0,16
6,0,0,17
6,0,0,18
6,0,0,19
6,0,0,20
6,0,0,21
6,0,0,23
6,0,0,24
6,0,0,25
6,0,0,26
6,0,0,27
6,0,0,28
6,0,0,29
6,0,0,30
6,0,0,31
6,0,0,32
6,0,0,33
6,0,0,34
6,0,0,35
6,0,0,36
6,0,0,37
6,0,0,38
6,0,0,39
6,0,0,40
6,0,0,41
6,0,0,42
6,0,0,43
6,0,0,44
6,0,0,46
6,0,0,47
6,0,0,48
6,0,0,49
6,0,0,50
6,0,0,51
6,0,0,52
6,0,0,53
6,0,0,54
6,0,0,55
6,0,0,57
6,0,0,58
6,0,0,59
6,0,0,60
6,0,0,61
6,0,0,62
6,0,0,63
6,0,0,64
6,0,0,65
6,0,0,66
6,0,0,67
6,0,3,0
6,0,3,1
6,0,3,2
6,0,3,3
6,0,3,4
6,0,3,5
6,0,3,6
6,0,3,7
6,0,3,8
6,0,3,9
6,0,3,10
6,0,3,12
6,0,3,13
6,0,3,14
6,0,3,15
6,0,3,16
6,0,3,17
6,0,3,18
6,0,3,19
6,0,3,20
6,0,3,21
6,0,3,23
6,0,3,24
6,0,3,25
6,0,3,26
6,0,3,27
6,0,3,28
6,0,3,29
6,0,3,30
6,0,3,31
6,0,3,32
6,0,3,33
6,0,3,34
6,0,3,35
6,0,3,36
6,0,3,37
6,0,3,38
6,0,3,39
6,0,3,40
6,0,3,41
6,0,3,42
6,0,3,43
6,0,3,44
6,0,3,46
6,0,3,47
6,0,3,48
6,0,3,49
6,0,3,50
6,0,3,51
6,0,3,52
6,0,3,53
6,0,3,54
6,0,3,55
6,0,3,57
6,0,3,58
6,0,3,59
6,0,3,60
6,0,3,61
6,0,3,62
6,0,3,63
6,0,3,64
6,0,3,65
6,0,3,66
6,0,3,67
6,0,2,0
6,0,2,1
6,0,2,2
6,0,2,3
6,0,2,4
6,0,2,5
6,0,2,6
6,0,2,7
6,0,2,8
6,0,2,9
6,0,2,10
6,0,2,12
6,0,2,13
6,0,2,14
6,0,2,15
6,0,2,16
6,0,2,17
6,0,2,18
6,0,2,19
6,0,2,20
6,0,2,21
6,0,2,23
6,0,2,24
6,0,2,25
6,0,2,26
6,0,2,27
6,0,2,28
6,0,2,29
6,0,2,30
6,0,2,31
6,0,2,32
6,0,2,33
6,0,2,34
6,0,2,35
6,0,2,36
6,0,2,37
6,0,2,38
6,0,2,39
6,0,2,40
6,0,2,41
6,0,2,42
6,0,2,43
6,0,2,44
6,0,2,46
6,0,2,47
6,0,2,48
6,0,2,49
6,0,2,50
6,0,2,51
6,0,2,52
6,0,2,53
6,0,2,54
6,0,2,55
6,0,2,57
6,0,2,58
6,0,2,59
6,0,2,60
6,0,2,61
6,0,2,62
6,0,2,63
6,0,2,64
6,0,2,65
6,0,2,66
6,0,2,67
6,0,1,0
6,0,1,1
6,0,1,2
6,0,1,3
6,0,1,4
6,0,1,5
6,0,1,6
6,0,1,7
6,0,1,8
6,0,1,9
6,1,1,10
6,1,1,12
6,1,1,13
6,1,1,14
6,1,1,15
6,1,1,16
6,1,1,17
6,1,1,18
6,1,1,19
6,1,1,20
6,1,1,21
6,1,1,23
6,1,1,24
6,1,1,25
6,1,1,26
6,1,1,27
6,1,1,28
6,1,1,29
6,1,1,30
6,1,1,31
6,1,1,32
6,1,1,33
6,1,1,34
6,1,1,35
6,1,1,36
6,1,1,37
6,1,1,38
6,1,1,39
6,1,1,40
6,1,1,41
6,1,1,42
6,1,1,43
6,1,1,44
6,1,1,46
6,1,1,47
6,1,1,48
6,1,1,49
6,1,1,50
6,1,1,51
6,1,1,52
6,1,1,53
6,1,1,54
6,1,1,55
6,1,1,57
6,1,1,58
6,1,1,59
6,1,1,60
6,1,1,61
6,1,1,62
6,1,1,63
6,1,1,64
6,1,1,65
6,1,1,66
6,1,1,67
6,1,0,0
6,1,0,1
6,1,0,2
6,1,0,3
6,1,0,4
6,1,0,5
6,1,0,6
6,1,0,7
6,1,0,8
6,1,0,9
6,1,0,10
6,1,0,12
6,1,0,13
6,1,0,14
6,1,0,15
6,1,0,16
6,1,0,17
6,1,0,18
6,1,0,19
6,1,0,20
6,1,0,21
6,1,0,23
6,1,0,24
6,1,0,25
6,1,0,26
6,1,0,27
6,1,0,28
6,1,0,29
6,1,0,30
6,1,0,31
6,1,0,32
6,1,0,33
6,1,0,34
6,1,0,35
6,1,0,36
6,1,0,37
6,1,0,38
6,1,0,39
6,1,0,40
6,1,0,41
6,1,0,42
6,1,0,43
6,1,0,44
6,1,0,46
6,1,0,47
6,1,0,48
6,1,0,49
6,1,0,50
6,1,0,51
6,1,0,52
6,1,0,53
6,1,0,54
6,1,0,55
6,1,0,57
6,1,0,58
6,1,0,59
6,1,0,60
6,1,0,61
6,1,0,62
6,1,0,63
6,1,0,64
6,1,0,65
6,1,0,66
6,1,0,67
6,1,3,0
6,1,3,1
6,1,3,2
6,1,3,3
6,1,3,4
6,1,3,5
6,1,3,6
6,1,3,7
6,1,3,8
6,1,3,9
6,1,3,10
6,1,3,12
6,1,3,13
6,1,3,14
6,1,3,15
6,1,3,16
6,1,3,17
6,1,3,18
6,1,3,19
6,1,3,20
6,1,3,21
6,1,3,23
6,1,3,24
6,1,3,25
6,1,3,26
6,1,3,27
6,1,3,28
6,1,3,29
6,1,3,30
6,1,3,31
6,1,3,32
6,1,3,33
6,1,3,34
6,1,3,35
6,1,3,36
6,1,3,37
6,1,3,38
6,1,3,39
6,1,3,40
6,1,3,41
6,1,3,42
6,1,3,43
6,1,3,44
6,1,3,46
6,1,3,47
6,1,3,48
6,1,3,49
6,1,3,50
6,1,3,51
6,1,3,52
6,1,3,53
6,1,3,54
6,1,3,55
6,1,3,57
6,1,3,58
6,1,3,59
6,1,3,60
6,1,3,61
6,1,3,62
6,1,3,63
6,1,3,64
6,1,3,65
6,1,3,66
6,1,3,67
6,1,2,0
6,1,2,1
6,1,2,2
6,1,2,3
6,1,2,4
6,1,2,5
6,1,2,6
6,1,2,7
6,1,2,8
6,1,2,9
6,1,2,10
6,1,2,12
6,1,2,13
6,1,2,14
6,1,2,15
6,1,2,16
6,1,2,17
6,1,2,18
6,1,2,19
6,1,2,20
6,1,2,21
6,1,2,23
6,1,2,24
6,1,2,25
6,1,2,26
6,1,2,27
6,1,2,28
6,1,2,29
6,1,2,30
6,1,2,31
6,1,2,32
6,1,2,33
6,1,2,34
6,1,2,35
6,1,2,36
6,1,2,37
6,1,2,38
6,1,2,39
6,1,2,40
6,1,2,41
6,1,2,42
6,1,2,43
6,1,2,44
6,1,2,46
6,1,2,47
6,1,2,48
6,1,2,49
6,1,2,50
6,1,2,51
6,1,2,52
6,1,2,53
6,1,2,54
6,1,2,55
6,1,2,57
6,1,2,58
6,1,2,59
6,1,2,60
6,1,2,61
6,1,2,62
6,1,2,63
6,1,2,64
6,1,2,65
6,1,2,66
6,1,2,67
6,1,1,0
6,1,1,1
6,1,1,2
6,1,1,3
6,1,1,4
6,1,1,5
6,1,1,6
6,1,1,7
6,1,1,8
6,1,1,9
3,0,1,10
3,0,1,12
3,0,1,13
3,0,1,14
3,0,1,15
3,0,1,16
3,0,1,17
3,0,1,18
3,0,1,19
3,0,1,20
3,0,1,21
3,0,1,23
3,0,1,24
3,0,1,25
3,0,1,26
3,0,1,27
3,0,1,28
3,0,1,29
3,0,1,30
3,0,1,31
3,0,1,32
3,0,1,33
3,0,1,34
3,0,1,35
3,0,1,36
3,0,1,37
3,0,1,38
3,0,1,39
3,0,1,40
3,0,1,41
3,0,1,42
3,0,1,43
3,0,1,44
3,0,1,46
3,0,1,47
3,0,1,48
3,0,1,49
3,0,1,50
3,0,1,51
3,0,1,52
3,0,1,53
3,0,1,54
3,0,1,55
3,0,1,57
3,0,1,58
3,0,1,59
3,0,1,60
3,0,1,61
3,0,1,62
3,0,1,63
3,0,1,64
3,0,1,65
3,0,1,66
3,0,1,67
3,0,0,0
3,0,0,1
3,0,0,2
3,0,0,3
3,0,0,4
3,0,0,5
3,0,0,6
3,0,0,7
3,0,0,8
3,0,0,9
3,0,0,10
3,0,0,12
3,0,0,13
3,0,0,14
3,0,0,15
3,0,0,16
3,0,0,17
3,0,0,18
3,0,0,19
3,0,0,20
3,0,0,21
3,0,0,23
3,0,0,24
3,0,0,25
3,0,0,26
3,0,0,27
3,0,0,28
3,0,0,29
3,0,0,30
3,0,0,31
3,0,0,32
3,0,0,33
3,0,0,34
3,0,0,35
3,0,0,36
3,0,0,37
3,0,0,38
3,0,0,39
3,0,0,40
3,0,0,41
3,0,0,42
3,0,0,43
3,0,0,44
3,0,0,46
3,0,0,47
3,0,0,48
3,0,0,49
3,0,0,50
3,0,0,51
3,0,0,52
3,0,0,53
3,0,0,54
3,0,0,55
3,0,0,57
3,0,0,58
3,0,0,59
3,0,0,60
3,0,0,61
3,0,0,62
3,0,0,63
3,0,0,64
3,0,0,65
3,0,0,66
3,0,0,67
3,0,3,0
3,0,3,1
3,0,3,2
3,0,3,3
3,0,3,4
3,0,3,5
3,0,3,6
3,0,3,7
3,0,3,8
3,0,3,9
3,0,3,10
3,0,3,12
3,0,3,13
3,0,3,14
3,0,3,15
3,0,3,16
3,0,3,17
3,0,3,18
3,0,3,19
3,0,3,20
3,0,3,21
3,0,3,23
3,0,3,24
3,0,3,25
3,0,3,26
3,0,3,27
3,0,3,28
3,0,3,29
3,0,3,30
3,0,3,31
3,0,3,32
3,0,3,33
3,0,3,34
3,0,3,35
3,0,3,36
3,0,3,37
3,0,3,38
3,0,3,39
3,0,3,40
3,0,3,41
3,0,3,42
3,0,3,43
3,0,3,44
3,0,3,46
3,0,3,47
3,0,3,48
3,0,3,49
3,0,3,50
3,0,3,51
3,0,3,52
3,0,3,53
3,0,3,54
3,0,3,55
3,0,3,57
3,0,3,58
3,0,3,59
3,0,3,60
3,0,3,61
3,0,3,62
3,0,3,63
3,0,3,64
3,0,3,65
3,0,3,66
3,0,3,67
3,0,2,0
3,0,2,1
3,0,2,2
3,0,2,3
3,0,2,4
3,0,2,5
3,0,2,6
3,0,2,7
3,0,2,8
3,0,2,9
3,0,2,10
3,0,2,12
3,0,2,13
3,0,2,14
3,0,2,15
3,0,2,16
3,0,2,17
3,0,2,18
3,0,2,19
3,0,2,20
3,0,2,21
3,0,2,23
3,0,2,24
3,0,2,25
3,0,2,26
3,0,2,27
3,0,2,28
3,0,2,29
3,0,2,30
3,0,2,31
3,0,2,32
3,0,2,33
3,0,2,34
3,0,2,35
3,0,2,36
3,0,2,37
3,0,2,38
3,0,2,39
3,0,2,40
3,0,2,41
3,0,2,42
3,0,2,43
3,0,2,44
3,0,2,46
3,0,2,47
3,0,2,48
3,0,2,49
3,0,2,50
3,0,2,51
3,0,2,52
3,0,2,53
3,0,2,54
3,0,2,55
3,0,2,57
3,0,2,58
3,0,2,59
3,0,2,60
3,0,2,61
3,0,2,62
3,0,2,63
3,0,2,64
3,0,2,65
3,0,2,66
3,0,2,67
3,0,1,0
3,0,1,1
3,0,1,2
3,0,1,3
3,0,1,4
3,0,1,5
3,0,1,6
3,0,1,7
3,0,1,8
3,0,1,9
3,1,1,10
3,1,1,12
3,1,1,13
3,1,1,14
3,1,1,15
3,1,1,16
3,1,1,17
3,1,1,18
3,1,1,19
3,1,1,20
3,1,1,21
3,1,1,23
3,1,1,24
3,1,1,25
3,1,1,26
3,1,1,27
3,1,1,28
3,1,1,29
3,1,1,30
3,1,1,31
3,1,1,32
3,1,1,33
3,1,1,34
3,1,1,35
3,1,1,36
3,1,1,37
3,1,1,38
3,1,1,39
3,1,1,40
3,1,1,41
3,1,1,42
3,1,1,43
3,1,1,44
3,1,1,46
3,1,1,47
3,1,1,48
3,1,1,49
3,1,1,50
3,1,1,51
3,1,1,52
3,1,1,53
3,1,1,54
3,1,1,55
3,1,1,57
3,1,1,58
3,1,1,59
3,1,1,60
3,1,1,61
3,1,1,62
3,1,1,63
3,1,1,64
3,1,1,65
3,1,1,66
3,1,1,67
3,1,0,0
3,1,0,1
3,1,0,2
3,1,0,3
3,1,0,4
3,1,0,5
3,1,0,6
3,1,0,7
3,1,0,8
3,1,0,9
3,1,0,10
3,1,0,12
3,1,0,13
3,1,0,14
3,1,0,15
3,1,0,16
3,1,0,17
3,1,0,18
3,1,0,19
3,1,0,20
3,1,0,21
3,1,0,23
3,1,0,24
3,1,0,25
3,1,0,26
3,1,0,27
3,1,0,28
3,1,0,29
3,1,0,30
3,1,0,31
3,1,0,32
3,1,0,33
3,1,0,34
3,1,0,35
3,1,0,36
3,1,0,37
3,1,0,38
3,1,0,39
3,1,0,40
3,1,0,41
3,1,0,42
3,1,0,43
3,1,0,44
3,1,0,46
3,1,0,47
3,1,0,48
3,1,0,49
3,1,0,50
3,1,0,51
3,1,0,52
3,1,0,53
3,1,0,54
3,1,0,55
3,1,0,57
3,1,0,58
3,1,0,59
3,1,0,60
3,1,0,61
3,1,0,62
3,1,0,63
3,1,0,64
3,1,0,65
3,1,0,66
3,1,0,67
3,1,3,0
3,1,3,1
3,1,3,2
3,1,3,3
3,1,3,4
3,1,3,5
3,1,3,6
3,1,3,7
3,1,3,8
3,1,3,9
3,1,3,10
3,1,3,12
3,1,3,13
3,1,3,14
3,1,3,15
3,1,3,16
3,1,3,17
3,1,3,18
3,1,3,19
3,1,3,20
3,1,3,21
3,1,3,23
3,1,3,24
3,1,3,25
3,1,3,26
3,1,3,27
3,1,3,28
3,1,3,29
3,1,3,30
3,1,3,31
3,1,3,32
3,1,3,33
3,1,3,34
3,1,3,35
3,1,3,36
3,1,3,37
3,1,3,38
3,1,3,39
3,1,3,40
3,1,3,41
3,1,3,42
3,1,3,43
3,1,3,44
3,1,3,46
3,1,3,47
3,1,3,48
3,1,3,49
3,1,3,50
3,1,3,51
3,1,3,52
3,1,3,53
3,1,3,54
3,1,3,55
3,1,3,57
3,1,3,58
3,1,3,59
3,1,3,60
3,1,3,61
3,1,3,62
3,1,3,63
3,1,3,64
3,1,3,65
3,1,3,66
3,1,3,67
3,1,2,0
3,1,2,1
3,1,2,2
3,1,2,3
3,1,2,4
3,1,2,5
3,1,2,6
3,1,2,7
3,1,2,8
3,1,2,9
3,1,2,10
3,1,2,12
3,1,2,13
3,1,2,14
3,1,2,15
3,1,2,16
3,1,2,17
3,1,2,18
3,1,2,19
3,1,2,20
3,1,2,21
3,1,2,23
3,1,2,24
3,1,2,25
3,1,2,26
3,1,2,27
3,1,2,28
3,1,2,29
3,1,2,30
3,1,2,31
3,1,2,32
3,1,2,33
3,1,2,34
3,1,2,35
3,1,2,36
3,1,2,37
3,1,2,38
3,1,2,39
3,1,2,40
3,1,2,41
3,1,2,42
3,1,2,43
3,1,2,44
3,1,2,46
3,1,2,47
3,1,2,48
3,1,2,49
3,1,2,50
3,1,2,51
3,1,2,52
3,1,2,53
3,1,2,54
3,1,2,55
3,1,2,57
3,1,2,58
3,1,2,59
3,1,2,60
3,1,2,61
3,1,2,62
3,1,2,63
3,1,2,64
3,1,2,65
3,1,2,66
3,1,2,67
3,1,1,0
3,1,1,1
3,1,1,2
3,1,1,3
3,1,1,4
3,1,1,5
3,1,1,6
3,1,1,7
3,1,1,8
3,1,1,9
6,2,1,10
6,2,1,12
6,2,1,13
6,2,1,14
6,2,1,15
6,2,1,16
6,2,1,17
6,2,1,18
6,2,1,19
6,2,1,20
6,2,1,21
6,2,1,23
6,2,1,24
6,2,1,25
6,2,1,26
6,2,1,27
6,2,1,28
6,2,1,29
6,2,1,30
6,2,1,31
6,2,1,32
6,2,1,33
6,2,1,34
6,2,1,35
6,2,1,36
6,2,1,37
6,2,1,38
6,2,1,39
6,2,1,40
6,2,1,41
6,2,1,42
6,2,1,43
6,2,1,44
6,2,1,46
6,2,1,47
6,2,1,48
6,2,1,49
6,2,1,50
6,2,1,51
6,2,1,52
6,2,1,53
6,2,1,54
6,2,1,55
6,2,1,57
6,2,1,58
6,2,1,59
6,2,1,60
6,2,1,61
6,2,1,62
6,2,1,63
6,2,1,64
6,2,1,65
6,2,1,66
6,2,1,67
6,2,0,0
6,2,0,1
6,2,0,2
6,2,0,3
6,2,0,4
6,2,0,5
6,2,0,6
6,2,0,7
6,2,0,8
6,2,0,9
6,2,0,10
6,2,0,12
6,2,0,13
6,2,0,14
6,2,0,15
6,2,0,16
6,2,0,17
6,2,0,18
6,2,0,19
6,2,0,20
6,2,0,21
6,2,0,23
6,2,0,24
6,2,0,25
6,2,0,26
6,2,0,27
6,2,0,28
6,2,0,29
6,2,0,30
6,2,0,31
6,2,0,32
6,2,0,33
6,2,0,34
6,2,0,35
6,2,0,36
6,2,0,37
6,2,0,38
6,2,0,39
6,2,0,40
6,2,0,41
6,2,0,42
6,2,0,43
6,2,0,44
6,2,0,46
6,2,0,47
6,2,0,48
6,2,0,49
6,2,0,50
6,2,0,51
6,2,0,52
6,2,0,53
6,2,0,54
6,2,0,55
6,2,0,57
6,2,0,58
6,2,0,59
6,2,0,60
6,2,0,61
6,2,0,62
6,2,0,63
6,2,0,64
6,2,0,65
6,2,0,66
6,2,0,67
6,2,3,0
6,2,3,1
6,2,3,2
6,2,3,3
6,2,3,4
6,2,3,5
6,2,3,6
6,2,3,7
6,2,3,8
6,2,3,9
6,2,3,10
6,2,3,12
6,2,3,13
6,2,3,14
6,2,3,15
6,2,3,16
6,2,3,17
6,2,3,18
6,2,3,19
6,2,3,20
6,2,3,21
6,2,3,23
6,2,3,24
6,2,3,25
6,2,3,26
6,2,3,27
6,2,3,28
6,2,3,29
6,2,3,30
6,2,3,31
6,2,3,32
6,2,3,33
6,2,3,34
6,2,3,35
6,2,3,36
6,2,3,37
6,2,3,38
6,2,3,39
6,2,3,40
6,2,3,41
6,2,3,42
6,2,3,43
6,2,3,44
6,2,3,46
6,2,3,47
6,2,3,48
6,2,3,49
6,2,3,50
6,2,3,51
6,2,3,52
6,2,3,53
6,2,3,54
6,2,3,55
6,2,3,57
6,2,3,58
6,2,3,59
6,2,3,60
6,2,3,61
6,2,3,62
6,2,3,63
6,2,3,64
6,2,3,65
6,2,3,66
6,2,3,67
6,2,2,0
6,2,2,1
6,2,2,2
6,2,2,3
6,2,2,4
6,2,2,5
6,2,2,6
6,2,2,7
6,2,2,8
6,2,2,9
6,2,2,10
6,2,2,12
6,2,2,13
6,2,2,14
6,2,2,15
6,2,2,16
6,2,2,17
6,2,2,18
6,2,2,19
6,2,2,20
6,2,2,21
6,2,2,23
6,2,2,24
6,2,2,25
6,2,2,26
6,2,2,27
6,2,2,28
6,2,2,29
6,2,2,30
6,2,2,31
6,2,2,32
6,2,2,33
6,2,2,34
6,2,2,35
6,2,2,36
6,2,2,37
6,2,2,38
6,2,2,39
6,2,2,40
6,2,2,41
6,2,2,42
6,2,2,43
6,2,2,44
6,2,2,46
6,2,2,47
6,2,2,48
6,2,2,49
6,2,2,50
6,2,2,51
6,2,2,52
6,2,2,53
6,2,2,54
6,2,2,55
6,2,2,57
6,2,2,58
6,2,2,59
6,2,2,60
6,2,2,61
6,2,2,62
6,2,2,63
6,2,2,64
6,2,2,65
6,2,2,66
6,2,2,67
6,2,1,0
6,2,1,1
6,2,1,2
6,2,1,3
6,2,1,4
6,2,1,5
6,2,1,6
6,2,1,7
6,2,1,8
6,2,1,9
6,3,1,10
6,3,1,12
6,3,1,13
6,3,1,14
6,3,1,15
6,3,1,16
6,3,1,17
6,3,1,18
6,3,1,19
6,3,1,20
6,3,1,21
6,3,1,23
6,3,1,24
6,3,1,25
6,3,1,26
6,3,1,27
6,3,1,28
6,3,1,29
6,3,1,30
6,3,1,31
6,3,1,32
6,3,1,33
6,3,1,34
6,3,1,35
6,3,1,36
6,3,1,37
6,3,1,38
6,3,1,39
6,3,1,40
6,3,1,41
6,3,1,42
6,3,1,43
6,3,1,44
6,3,1,46
6,3,1,47
6,3,1,48
6,3,1,49
6,3,1,50
6,3,1,51
6,3,1,52
6,3,1,53
6,3,1,54
6,3,1,55
6,3,1,57
6,3,1,58
6,3,1,59
6,3,1,60
6,3,1,61
6,3,1,62
6,3,1,63
6,3,1,64
6,3,1,65
6,3,1,66
6,3,1,67
6,3,0,0
6,3,0,1
6,3,0,2
6,3,0,3
6,3,0,4
6,3,0,5
6,3,0,6
6,3,0,7
6,3,0,8
6,3,0,9
6,3,0,10
6,3,0,12
6,3,0,13
6,3,0,14
6,3,0,15
6,3,0,16
6,3,0,17
6,3,0,18
6,3,0,19
6,3,0,20
6,3,0,21
6,3,0,23
6,3,0,24
6,3,0,25
6,3,0,26
6,3,0,27
6,3,0,28
6,3,0,29
6,3,0,30
6,3,0,31
6,3,0,32
6,3,0,33
6,3,0,34
6,3,0,35
6,3,0,36
6,3,0,37
6,3,0,38
6,3,0,39
6,3,0,40
6,3,0,41
6,3,0,42
6,3,0,43
6,3,0,44
6,3,0,46
6,3,0,47
6,3,0,48
6,3,0,49
6,3,0,50
6,3,0,51
6,3,0,52
6,3,0,53
6,3,0,54
6,3,0,55
6,3,0,57
6,3,0,58
6,3,0,59
6,3,0,60
6,3,0,61
6,3,0,62
6,3,0,63
6,3,0,64
6,3,0,65
6,3,0,66
6,3,0,67
6,3,3,0
6,3,3,1
6,3,3,2
6,3,3,3
6,3,3,4
6,3,3,5
6,3,3,6
6,3,3,7
6,3,3,8
6,3,3,9
6,3,3,10
6,3,3,12
6,3,3,13
6,3,3,14
6,3,3,15
6,3,3,16
6,3,3,17
6,3,3,18
6,3,3,19
6,3,3,20
6,3,3,21
6,3,3,23
6,3,3,24
6,3,3,25
6,3,3,26
6,3,3,27
6,3,3,28
6,3,3,29
6,3,3,30
6,3,3,31
6,3,3,32
6,3,3,33
6,3,3,34
6,3,3,35
6,3,3,36
6,3,3,37
6,3,3,38
6,3,3,39
6,3,3,40
6,3,3,41
6,3,3,42
6,3,3,43
6,3,3,44
6,3,3,46
6,3,3,47
6,3,3,48
6,3,3,49
6,3,3,50
6,3,3,51
6,3,3,52
6,3,3,53
6,3,3,54
6,3,3,55
6,3,3,57
6,3,3,58
6,3,3,59
6,3,3,60
6,3,3,61
6,3,3,62
6,3,3,63
6,3,3,64
6,3,3,65
6,3,3,66
6,3,3,67
6,3,2,0
6,3,2,1
6,3,2,2
6,3,2,3
6,3,2,4
6,3,2,5
6,3,2,6
6,3,2,7
6,3,2,8
6,3,2,9
6,3,2,10
6,3,2,12
6,3,2,13
6,3,2,14
6,3,2,15
6,3,2,16
6,3,2,17
6,3,2,18
6,3,2,19
6,3,2,20
6,3,2,21
6,3,2,23
6,3,2,24
6,3,2,25
6,3,2,26
6,3,2,27
6,3,2,28
6,3,2,29
6,3,2,30
6,3,2,31
6,3,2,32
6,3,2,33
6,3,2,34
6,3,2,35
6,3,2,36
6,3,2,37
6,3,2,38
6,3,2,39
6,3,2,40
6,3,2,41
6,3,2,42
6,3,2,43
6,3,2,44
6,3,2,46
6,3,2,47
6,3,2,48
6,3,2,49
6,3,2,50
6,3,2,51
6,3,2,52
6,3,2,53
6,3,2,54
6,3,2,55
6,3,2,57
6,3,2,58
6,3,2,59
6,3,2,60
6,3,2,61
6,3,2,62
6,3,2,63
6,3,2,64
6,3,2,65
6,3,2,66
6,3,2,67
6,3,1,0
6,3,1,1
6,3,1,2
6,3,1,3
6,3,1,4
6,3,1,5
6,3,1,6
6,3,1,7
6,3,1,8
6,3,1,9
1,0,1,10
1,0,1,12
1,0,1,13
1,0,1,14
1,0,1,15
1,0,1,16
1,0,1,17
1,0,1,18
1,0,1,19
1,0,1,20
1,0,1,21
1,0,1,23
1,0,1,24
1,0,1,25
1,0,1,26
1,0,1,27
1,0,1,28
1,0,1,29
1,0,1,30
1,0,1,31
1,0,1,32
1,0,1,33
1,0,1,34
1,0,1,35
1,0,1,36
1,0,1,37
1,0,1,38
1,0,1,39
1,0,1,40
1,0,1,41
1,0,1,42
1,0,1,43
1,0,1,44
1,0,1,46
1,0,1,47
1,0,1,48
1,0,1,49
1,0,1,50
1,0,1,51
1,0,1,52
1,0,1,53
1,0,1,54
1,0,1,55
1,0,1,57
1,0,1,58
1,0,1,59
1,0,1,60
1,0,1,61
1,0,1,62
1,0,1,63
1,0,1,64
1,0,1,65
1,0,1,66
1,0,1,67
1,0,0,0
1,0,0,1
1,0,0,2
1,0,0,3
1,0,0,4
1,0,0,5
1,0,0,6
1,0,0,7
1,0,0,8
1,0,0,9
1,0,0,10
1,0,0,12
1,0,0,13
1,0,0,14
1,0,0,15
1,0,0,16
1,0,0,17
1,0,0,18
1,0,0,19
1,0,0,20
1,0,0,21
1,0,0,23
1,0,0,24
1,0,0,25
1,0,0,26
1,0,0,27
1,0,0,28
1,0,0,29
1,0,0,30
1,0,0,31
1,0,0,32
1,0,0,33
1,0,0,34
1,0,0,35
1,0,0,36
1,0,0,37
1,0,0,38
1,0,0,39
1,0,0,40
1,0,0,41
1,0,0,42
1,0,0,43
1,0,0,44
1,0,0,46
1,0,0,47
1,0,0,48
1,0,0,49
1,0,0,50
1,0,0,51
1,0,0,52
1,0,0,53
1,0,0,54
1,0,0,55
1,0,0,57
1,0,0,58
1,0,0,59
1,0,0,60
1,0,0,61
1,0,0,62
1,0,0,63
1,0,0,64
1,0,0,65
1,0,0,66
1,0,0,67
1,0,3,0
1,0,3,1
1,0,3,2
1,0,3,3
1,0,3,4
1,0,3,5
1,0,3,6
1,0,3,7
1,0,3,8
1,0,3,9
1,0,3,10
1,0,3,12
1,0,3,13
1,0,3,14
1,0,3,15
1,0,3,16
1,0,3,17
1,0,3,18
1,0,3,19
1,0,3,20
1,0,3,21
1,0,3,23
1,0,3,24
1,0,3,25
1,0,3,26
1,0,3,27
1,0,3,28
1,0,3,29
1,0,3,30
1,0,3,31
1,0,3,32
1,0,3,33
1,0,3,34
1,0,3,35
1,0,3,36
1,0,3,37
1,0,3,38
1,0,3,39
1,0,3,40
1,0,3,41
1,0,3,42
1,0,3,43
1,0,3,44
1,0,3,46
1,0,3,47
1,0,3,48
1,0,3,49
1,0,3,50
1,0,3,51
1,0,3,52
1,0,3,53
1,0,3,54
1,0,3,55
1,0,3,57
1,0,3,58
1,0,3,59
1,0,3,60
1,0,3,61
1,0,3,62
1,0,3,63
1,0,3,64
1,0,3,65
1,0,3,66
1,0,3,67
1,0,2,0
1,0,2,1
1,0,2,2
1,0,2,3
1,0,2,4
1,0,2,5
1,0,2,6
1,0,2,7
1,0,2,8
1,0,2,9
1,0,2,10
1,0,2,12
1,0,2,13
1,0,2,14
1,0,2,15
1,0,2,16
1,0,2,17
1,0,2,18
1,0,2,19
1,0,2,20
1,0,2,21
1,0,2,23
1,0,2,24
1,0,2,25
1,0,2,26
1,0,2,27
1,0,2,28
1,0,2,29
1,0,2,30
1,0,2,31
1,0,2,32
1,0,2,33
1,0,2,34
1,0,2,35
1,0,2,36
1,0,2,37
1,0,2,38
1,0,2,39
1,0,2,40
1,0,2,41
1,0,2,42
1,0,2,43
1,0,2,44
1,0,2,46
1,0,2,47
1,0,2,48
1,0,2,49
1,0,2,50
1,0,2,51
1,0,2,52
1,0,2,53
1,0,2,54
1,0,2,55
1,0,2,57
1,0,2,58
1,0,2,59
1,0,2,60
1,0,2,61
1,0,2,62
1,0,2,63
1,0,2,64
1,0,2,65
1,0,2,66
1,0,2,67
1,0,1,0
1,0,1,1
1,0,1,2
1,0,1,3
1,0,1,4
1,0,1,5
1,0,1,6
1,0,1,7
1,0,1,8
1,0,1,9
1,1,1,10
1,1,1,12
1,1,1,13
1,1,1,14
1,1,1,15
1,1,1,16
1,1,1,17
1,1,1,18
1,1,1,19
1,1,1,20
1,1,1,21
1,1,1,23
1,1,1,24
1,1,1,25
1,1,1,26
1,1,1,27
1,1,1,28
1,1,1,29
1,1,1,30
1,1,1,31
1,1,1,32
1,1,1,33
1,1,1,34
1,1,1,35
1,1,1,36
1,1,1,37
1,1,1,38
1,1,1,39
1,1,1,40
1,1,1,41
1,1,1,42
1,1,1,43
1,1,1,44
1,1,1,46
1,1,1,47
1,1,1,48
1,1,1,49
1,1,1,50
1,1,1,51
1,1,1,52
1,1,1,53
1,1,1,54
1,1,1,55
1,1,1,57
1,1,1,58
1,1,1,59
1,1,1,60
1,1,1,61
1,1,1,62
1,1,1,63
1,1,1,64
1,1,1,65
1,1,1,66
1,1,1,67
1,1,0,0
1,1,0,1
1,1,0,2
1,1,0,3
1,1,0,4
1,1,0,5
1,1,0,6
1,1,0,7
1,1,0,8
1,1,0,9
1,1,0,10
1,1,0,12
1,1,0,13
1,1,0,14
1,1,0,15
1,1,0,16
1,1,0,17
1,1,0,18
1,1,0,19
1,1,0,20
1,1,0,21
1,1,0,23
1,1,0,24
1,1,0,25
1,1,0,26
1,1,0,27
1,1,0,28
1,1,0,29
1,1,0,30
1,1,0,31
1,1,0,32
1,1,0,33
1,1,0,34
1,1,0,35
1,1,0,36
1,1,0,37
1,1,0,38
1,1,0,39
1,1,0,40
1,1,0,41
1,1,0,42
1,1,0,43
1,1,0,44
1,1,0,46
1,1,0,47
1,1,0,48
1,1,0,49
1,1,0,50
1,1,0,51
1,1,0,52
1,1,0,53
1,1,0,54
1,1,0,55
1,1,0,57
1,1,0,58
1,1,0,59
1,1,0,60
1,1,0,61
1,1,0,62
1,1,0,63
1,1,0,64
1,1,0,65
1,1,0,66
1,1,0,67
1,1,3,0
1,1,3,1
1,1,3,2
1,1,3,3
1,1,3,4
1,1,3,5
1,1,3,6
1,1,3,7
1,1,3,8
1,1,3,9
1,1,3,10
1,1,3,12
1,1,3,13
1,1,3,14
1,1,3,15
1,1,3,16
1,1,3,17
1,1,3,18
1,1,3,19
1,1,3,20
1,1,3,21
1,1,3,23
1,1,3,24
1,1,3,25
1,1,3,26
1,1,3,27
1,1,3,28
1,1,3,29
1,1,3,30
1,1,3,31
1,1,3,32
1,1,3,33
1,1,3,34
1,1,3,35
1,1,3,36
1,1,3,37
1,1,3,38
1,1,3,39
1,1,3,40
1,1,3,41
1,1,3,42
1,1,3,43
1,1,3,44
1,1,3,46
1,1,3,47
1,1,3,48
1,1,3,49
1,1,3,50
1,1,3,51
1,1,3,52
1,1,3,53
1,1,3,54
1,1,3,55
1,1,3,57
1,1,3,58
1,1,3,59
1,1,3,60
1,1,3,61
1,1,3,62
1,1,3,63
1,1,3,64
1,1,3,65
1,1,3,66
1,1,3,67
1,1,2,0
1,1,2,1
1,1,2,2
1,1,2,3
1,1,2,4
1,1,2,5
1,1,2,6
1,1,2,7
1,1,2,8
1,1,2,9
1,1,2,10
1,1,2,12
1,1,2,13
1,1,2,14
1,1,2,15
1,1,2,16
1,1,2,17
1,1,2,18
1,1,2,19
1,1,2,20
1,1,2,21
1,1,2,23
1,1,2,24
1,1,2,25
1,1,2,26
1,1,2,27
1,1,2,28
1,1,2,29
1,1,2,30
1,1,2,31
1,1,2,32
1,1,2,33
1,1,2,34
1,1,2,35
1,1,2,36
1,1,2,37
1,1,2,38
1,1,2,39
1,1,2,40
1,1,2,41
1,1,2,42
1,1,2,43
1,1,2,44
1,1,2,46
1,1,2,47
1,1,2,48
1,1,2,49
1,1,2,50
1,1,2,51
1,1,2,52
1,1,2,53
1,1,2,54
1,1,2,55
1,1,2,57
1,1,2,58
1,1,2,59
1,1,2,60
1,1,2,61
1,1,2,62
1,1,2,63
1,1,2,64
1,1,2,65
1,1,2,66
1,1,2,67
1,1,1,0
1,1,1,1
1,1,1,2
1,1,1,3
1,1,1,4
1,1,1,5
1,1,1,6
1,1,1,7
1,1,1,8
1,1,1,9
7,0,1,10
7,0,1,12
7,0,1,13
7,0,1,14
7,0,1,15
7,0,1,16
7,0,1,17
7,0,1,18
7,0,1,19
7,0,1,20
7,0,1,21
7,0,1,23
7,0,1,24
7,0,1,25
7,0,1,26
7,0,1,27
7,0,1,28
7,0,1,29
7,0,1,30
7,0,1,31
7,0,1,32
7,0,1,33
7,0,1,34
7,0,1,35
7,0,1,36
7,0,1,37
7,0,1,38
7,0,1,39
7,0,1,40
7,0,1,41
7,0,1,42
7,0,1,43
7,0,1,44
7,0,1,46
7,0,1,47
7,0,1,48
7,0,1,49
7,0,1,50
7,0,1,51
7,0,1,52
7,0,1,53
7,0,1,54
7,0,1,55
7,0,1,57
7,0,1,58
7,0,1,59
7,0,1,60
7,0,1,61
7,0,1,62
7,0,1,63
7,0,1,64
7,0,1,65
7,0,1,66
7,0,1,67
7,0,0,0
7,0,0,1
7,0,0,2
7,0,0,3
7,0,0,4
7,0,0,5
7,0,0,6
7,0,0,7
7,0,0,8
7,0,0,9
7,0,0,10
7,0,0,12
7,0,0,13
7,0,0,14
7,0,0,15
7,0,0,16
7,0,0,17
7,0,0,18
7,0,0,19
7,0,0,20
7,0,0,21
7,0,0,23
7,0,0,24
7,0,0,25
7,0,0,26
7,0,0,27
7,0,0,28
7,0,0,29
7,0,0,30
7,0,0,31
7,0,0,32
7,0,0,33
7,0,0,34
7,0,0,35
7,0,0,36
7,0,0,37
7,0,0,38
7,0,0,39
7,0,0,40
7,0,0,41
7,0,0,42
7,0,0,43
7,0,0,44
7,0,0,46
7,0,0,47
7,0,0,48
7,0,0,49
7,0,0,50
7,0,0,51
7,0,0,52
7,0,0,53
7,0,0,54
7,0,0,55
7,0,0,57
7,0,0,58
7,0,0,59
7,0,0,60
7,0,0,61
7,0,0,62
7,0,0,63
7,0,0,64
7,0,0,65
7,0,0,66
7,0,0,67
7,0,3,0
7,0,3,1
7,0,3,2
7,0,3,3
7,0,3,4
7,0,3,5
7,0,3,6
7,0,3,7
7,0,3,8
7,0,3,9
7,0,3,10
7,0,3,12
7,0,3,13
7,0,3,14
7,0,3,15
7,0,3,16
7,0,3,17
7,0,3,18
7,0,3,19
7,0,3,20
7,0,3,21
7,0,3,23
7,0,3,24
7,0,3,25
7,0,3,26
7,0,3,27
7,0,3,28
7,0,3,29
7,0,3,30
7,0,3,31
7,0,3,32
7,0,3,33
7,0,3,34
7,0,3,35
7,0,3,36
7,0,3,37
7,0,3,38
7,0,3,39
7,0,3,40
7,0,3,41
7,0,3,42
7,0,3,43
7,0,3,44
7,0,3,46
7,0,3,47
7,0,3,48
7,0,3,49
7,0,3,50
7,0,3,51
7,0,3,52
7,0,3,53
7,0,3,54
7,0,3,55
7,0,3,57
7,0,3,58
7,0,3,59
7,0,3,60
7,0,3,61
7,0,3,62
7,0,3,63
7,0,3,64
7,0,3,65
7,0,3,66
7,0,3,67
7,0,2,0
7,0,2,1
7,0,2,2
7,0,2,3
7,0,2,4
7,0,2,5
7,0,2,6
7,0,2,7
7,0,2,8
7,0,2,9
7,0,2,10
7,0,2,12
7,0,2,13
7,0,2,14
7,0,2,15
7,0,2,16
7,0,2,17
7,0,2,18
7,0,2,19
7,0,2,20
7,0,2,21
7,0,2,23
7,0,2,24
7,0,2,25
7,0,2,26
7,0,2,27
7,0,2,28
7,0,2,29
7,0,2,30
7,0,2,31
7,0,2,32
7,0,2,33
7,0,2,34
7,0,2,35
7,0,2,36
7,0,2,37
7,0,2,38
7,0,2,39
7,0,2,40
7,0,2,41
7,0,2,42
7,0,2,43
7,0,2,44
7,0,2,46
7,0,2,47
7,0,2,48
7,0,2,49
7,0,2,50
7,0,2,51
7,0,2,52
7,0,2,53
7,0,2,54
7,0,2,55
7,0,2,57
7,0,2,58
7,0,2,59
7,0,2,60
7,0,2,61
7,0,2,62
7,0,2,63
7,0,2,64
7,0,2,65
7,0,2,66
7,0,2,67
7,0,1,0
7,0,1,1
7,0,1,2
7,0,1,3
7,0,1,4
7,0,1,5
7,0,1,6
7,0,1,7
7,0,1,8
7,0,1,9
7,1,1,10
7,1,1,12
7,1,1,13
7,1,1,14
7,1,1,15
7,1,1,16
7,1,1,17
7,1,1,18
7,1,1,19
7,1,1,20
7,1,1,21
7,1,1,23
7,1,1,24
7,1,1,25
7,1,1,26
7,1,1,27
7,1,1,28
7,1,1,29
7,1,1,30
7,1,1,31
7,1,1,32
7,1,1,33
7,1,1,34
7,1,1,35
7,1,1,36
7,1,1,37
7,1,1,38
7,1,1,39
7,1,1,40
7,1,1,41
7,1,1,42
7,1,1,43
7,1,1,44
7,1,1,46
7,1,1,47
7,1,1,48
7,1,1,49
7,1,1,50
7,1,1,51
7,1,1,52
7,1,1,53
7,1,1,54
7,1,1,55
7,1,1,57
7,1,1,58
7,1,1,59
7,1,1,60
7,1,1,61
7,1,1,62
7,1,1,63
7,1,1,64
7,1,1,65
7,1,1,66
7,1,1,67
7,1,0,0
7,1,0,1
7,1,0,2
7,1,0,3
7,1,0,4
7,1,0,5
7,1,0,6
7,1,0,7
7,1,0,8
7,1,0,9
7,1,0,10
7,1,0,12
7,1,0,13
7,1,0,14
7,1,0,15
7,1,0,16
7,1,0,17
7,1,0,18
7,1,0,19
7,1,0,20
7,1,0,21
7,1,0,23
7,1,0,24
7,1,0,25
7,1,0,26
7,1,0,27
7,1,0,28
7,1,0,29
7,1,0,30
7,1,0,31
7,1,0,32
7,1,0,33
7,1,0,34
7,1,0,35
7,1,0,36
7,1,0,37
7,1,0,38
7,1,0,39
7,1,0,40
7,1,0,41
7,1,0,42
7,1,0,43
7,1,0,44
7,1,0,46
7,1,0,47
7,1,0,48
7,1,0,49
7,1,0,50
7,1,0,51
7,1,0,52
7,1,0,53
7,1,0,54
7,1,0,55
7,1,0,57
7,1,0,58
7,1,0,59
7,1,0,60
7,1,0,61
7,1,0,62
7,1,0,63
7,1,0,64
7,1,0,65
7,1,0,66
7,1,0,67
7,1,3,0
7,1,3,1
7,1,3,2
7,1,3,3
7,1,3,4
7,1,3,5
7,1,3,6
7,1,3,7
7,1,3,8
7,1,3,9
7,1,3,10
7,1,3,12
7,1,3,13
7,1,3,14
7,1,3,15
7,1,3,16
7,1,3,17
7,1,3,18
7,1,3,19
7,1,3,20
7,1,3,21
7,1,3,23
7,1,3,24
7,1,3,25
7,1,3,26
7,1,3,27
7,1,3,28
7,1,3,29
7,1,3,30
7,1,3,31
7,1,3,32
7,1,3,33
7,1,3,34
7,1,3,35
7,1,3,36
7,1,3,37
7,1,3,38
7,1,3,39
7,1,3,40
7,1,3,41
7,1,3,42
7,1,3,43
7,1,3,44
7,1,3,46
7,1,3,47
7,1,3,48
7,1,3,49
7,1,3,50
7,1,3,51
7,1,3,52
7,1,3,53
7,1,3,54
7,1,3,55
7,1,3,57
7,1,3,58
7,1,3,59
7,1,3,60
7,1,3,61
7,1,3,62
7,1,3,63
7,1,3,64
7,1,3,65
7,1,3,66
7,1,3,67
7,1,2,0
7,1,2,1
7,1,2,2
7,1,2,3
7,1,2,4
7,1,2,5
7,1,2,6
7,1,2,7
7,1,2,8
7,1,2,9
7,1,2,10
7,1,2,12
7,1,2,13
7,1,2,14
7,1,2,15
7,1,2,16
7,1,2,17
7,1,2,18
7,1,2,19
7,1,2,20
7,1,2,21
7,1,2,23
7,1,2,24
7,1,2,25
7,1,2,26
7,1,2,27
7,1,2,28
7,1,2,29
7,1,2,30
7,1,2,31
7,1,2,32
7,1,2,33
7,1,2,34
7,1,2,35
7,1,2,36
7,1,2,37
7,1,2,38
7,1,2,39
7,1,2,40
7,1,2,41
7,1,2,42
7,1,2,43
7,1,2,44
7,1,2,46
7,1,2,47
7,1,2,48
7,1,2,49
7,1,2,50
7,1,2,51
7,1,2,52
7,1,2,53
7,1,2,54
7,1,2,55
7,1,2,57
7,1,2,58
7,1,2,59
7,1,2,60
7,1,2,61
7,1,2,62
7,1,2,63
7,1,2,64
7,1,2,65
7,1,2,66
7,1,2,67
7,1,1,0
7,1,1,1
7,1,1,2
7,1,1,3
7,1,1,4
7,1,1,5
7,1,1,6
7,1,1,7
7,1,1,8
7,1,1,9
10,1,0,0
10,1,0,1
10,1,0,2
10,1,0,3
10,1,0,4
10,1,0,5
10,1,0,6
10,1,0,7
10,1,0,8
10,1,0,9
10,1,0,10
10,1,0,12
10,1,0,13
10,1,0,14
10,1,0,15
10,1,0,16
10,1,0,17
10,1,0,18
10,1,0,19
10,1,0,20
10,1,0,21
10,1,0,23
10,1,0,24
10,1,0,25
10,1,0,26
10,1,0,27
10,1,0,28
10,1,0,29
10,1,0,30
10,1,0,31
10,1,0,32
10,1,0,33
10,1,0,34
10,1,0,35
10,1,0,36
10,1,0,37
10,1,0,38
10,1,0,39
10,1,0,40
10,1,0,41
10,1,0,42
10,1,0,43
10,1,0,44
10,1,0,46
10,1,0,47
10,1,0,48
10,1,0,49
10,1,0,50
10,1,0,51
10,1,0,52
10,1,0,53
10,1,0,54
10,1,0,55
10,1,0,57
10,1,0,58
10,1,0,59
10,1,0,60
10,1,0,61
10,1,0,62
10,1,0,63
10,1,0,64
10,1,0,65
10,1,0,66
10,1,0,67
10,1,1,0
10,1,1,1
10,1,1,2
10,1,1,3
10,1,1,4
10,1,1,5
10,1,1,6
10,1,1,7
10,1,1,8
10,1,1,9
10,1,1,10
10,1,1,12
10,1,1,13
10,1,1,14
10,1,1,15
10,1,1,16
10,1,1,17
10,1,1,18
10,1,1,19
10,1,1,20
10,1,1,21
10,1,1,23
10,1,1,24
10,1,1,25
10,1,1,26
10,1,1,27
10,1,1,28
10,1,1,29
10,1,1,30
10,1,1,31
10,1,1,32
10,1,1,33
10,1,1,34
10,1,1,35
10,1,1,36
10,1,1,37
10,1,1,38
10,1,1,39
10,1,1,40
10,1,1,41
10,1,1,42
10,1,1,43
10,1,1,44
10,1,1,46
10,1,1,47
10,1,1,48
10,1,1,49
10,1,1,50
10,1,1,51
10,1,1,52
10,1,1,53
10,1,1,54
10,1,1,55
10,1,1,57
10,1,1,58
10,1,1,59
10,1,1,60
10,1,1,61
10,1,1,62
10,1,1,63
10,1,1,64
10,1,1,65
10,1,1,66
10,1,1,67
10,1,2,0
10,1,2,1
10,1,2,2
10,1,2,3
10,1,2,4
10,1,2,5
10,1,2,6
10,1,2,7
10,1,2,8
10,1,2,9
10,1,2,10
10,1,2,12
10,1,2,13
10,1,2,14
10,1,2,15
10,1,2,16
10,1,2,17
10,1,2,18
10,1,2,19
10,1,2,20
10,1,2,21
10,1,2,23
10,1,2,24
10,1,2,25
10,1,2,26
10,1,2,27
10,1,2,28
10,1,2,29
10,1,2,30
10,1,2,31
10,1,2,32
10,1,2,33
10,1,2,34
10,1,2,35
10,1,2,36
10,1,2,37
10,1,2,38
10,1,2,39
10,1,2,40
10,1,2,41
10,1,2,42
10,1,2,43
10,1,2,44
10,1,2,46
10,1,2,47
10,1,2,48
10,1,2,49
10,1,2,50
10,1,2,51
10,1,2,52
10,1,2,53
10,1,2,54
10,1,2,55
10,1,2,57
10,1,2,58
10,1,2,59
10,1,2,60
10,1,2,61
10,1,2,62
10,1,2,63
10,1,2,64
10,1,2,65
10,1,2,66
10,1,2,67
10,1,3,0
10,1,3,1
10,1,3,2
10,1,3,3
10,1,3,4
10,1,3,5
10,1,3,6
10,1,3,7
10,1,3,8
10,1,3,9
10,1,3,10
10,1,3,12
10,1,3,13
10,1,3,14
10,1,3,15
10,1,3,16
10,1,3,17
10,1,3,18
10,1,3,19
10,1,3,20
10,1,3,21
10,1,3,23
10,1,3,24
10,1,3,25
10,1,3,26
10,1,3,27
10,1,3,28
10,1,3,29
10,1,3,30
10,1,3,31
10,1,3,32
10,1,3,33
10,1,3,34
10,1,3,35
10,1,3,36
10,1,3,37
10,1,3,38
10,1,3,39
10,1,3,40
10,1,3,41
10,1,3,42
10,1,3,43
10,1,3,44
10,1,3,46
10,1,3,47
10,1,3,48
10,1,3,49
10,1,3,50
10,1,3,51
10,1,3,52
10,1,3,53
10,1,3,54
10,1,3,55
10,1,3,57
10,1,3,58
10,1,3,59
10,1,3,60
10,1,3,61
10,1,3,62
10,1,3,63
10,1,3,64
10,1,3,65
10,1,3,66
10,1,3,67
10,0,0,0
10,0,0,1
10,0,0,2
10,0,0,3
10,0,0,4
10,0,0,5
10,0,0,6
10,0,0,7
10,0,0,8
10,0,0,9
10,0,0,10
10,0,0,12
10,0,0,13
10,0,0,14
10,0,0,15
10,0,0,16
10,0,0,17
10,0,0,18
10,0,0,19
10,0,0,20
10,0,0,21
10,0,0,23
10,0,0,24
10,0,0,25
10,0,0,26
10,0,0,27
10,0,0,28
10,0,0,29
10,0,0,30
10,0,0,31
10,0,0,32
10,0,0,33
10,0,0,34
10,0,0,35
10,0,0,36
10,0,0,37
10,0,0,38
10,0,0,39
10,0,0,40
10,0,0,41
10,0,0,42
10,0,0,43
10,0,0,44
10,0,0,46
10,0,0,47
10,0,0,48
10,0,0,49
10,0,0,50
10,0,0,51
10,0,0,52
10,0,0,53
10,0,0,54
10,0,0,55
10,0,0,57
10,0,0,58
10,0,0,59
10,0,0,60
10,0,0,61
10,0,0,62
10,0,0,63
10,0,0,64
10,0,0,65
10,0,0,66
10,0,0,67
10,0,1,0
10,0,1,1
10,0,1,2
10,0,1,3
10,0,1,4
10,0,1,5
10,0,1,6
10,0,1,7
10,0,1,8
10,0,1,9
10,0,1,10
10,0,1,12
10,0,1,13
10,0,1,14
10,0,1,15
10,0,1,16
10,0,1,17
10,0,1,18
10,0,1,19
10,0,1,20
10,0,1,21
10,0,1,23
10,0,1,24
10,0,1,25
10,0,1,26
10,0,1,27
10,0,1,28
10,0,1,29
10,0,1,30
10,0,1,31
10,0,1,32
10,0,1,33
10,0,1,34
10,0,1,35
10,0,1,36
10,0,1,37
10,0,1,38
10,0,1,39
10,0,1,40
10,0,1,41
10,0,1,42
10,0,1,43
10,0,1,44
10,0,1,46
10,0,1,47
10,0,1,48
10,0,1,49
10,0,1,50
10,0,1,51
10,0,1,52
10,0,1,53
10,0,1,54
10,0,1,55
10,0,1,57
10,0,1,58
10,0,1,59
10,0,1,60
10,0,1,61
10,0,1,62
10,0,1,63
10,0,1,64
10,0,1,65
10,0,1,66
10,0,1,67
10,0,2,0
10,0,2,1
10,0,2,2
10,0,2,3
10,0,2,4
10,0,2,5
10,0,2,6
10,0,2,7
10,0,2,8
10,0,2,9
10,0,2,10
10,0,2,12
10,0,2,13
10,0,2,14
10,0,2,15
10,0,2,16
10,0,2,17
10,0,2,18
10,0,2,19
10,0,2,20
10,0,2,21
10,0,2,23
10,0,2,24
10,0,2,25
10,0,2,26
10,0,2,27
10,0,2,28
10,0,2,29
10,0,2,30
10,0,2,31
10,0,2,32
10,0,2,33
10,0,2,34
10,0,2,35
10,0,2,36
10,0,2,37
10,0,2,38
10,0,2,39
10,0,2,40
10,0,2,41
10,0,2,42
10,0,2,43
10,0,2,44
10,0,2,46
10,0,2,47
10,0,2,48
10,0,2,49
10,0,2,50
10,0,2,51
10,0,2,52
10,0,2,53
10,0,2,54
10,0,2,55
10,0,2,57
10,0,2,58
10,0,2,59
10,0,2,60
10,0,2,61
10,0,2,62
10,0,2,63
10,0,2,64
10,0,2,65
10,0,2,66
10,0,2,67
10,0,3,0
10,0,3,1
10,0,3,2
10,0,3,3
10,0,3,4
10,0,3,5
10,0,3,6
10,0,3,7
10,0,3,8
10,0,3,9
10,0,3,10
10,0,3,12
10,0,3,13
10,0,3,14
10,0,3,15
10,0,3,16
10,0,3,17
10,0,3,18
10,0,3,19
10,0,3,20
10,0,3,21
10,0,3,23
10,0,3,24
10,0,3,25
10,0,3,26
10,0,3,27
10,0,3,28
10,0,3,29
10,0,3,30
10,0,3,31
10,0,3,32
10,0,3,33
10,0,3,34
10,0,3,35
10,0,3,36
10,0,3,37
10,0,3,38
10,0,3,39
10,0,3,40
10,0,3,41
10,0,3,42
10,0,3,43
10,0,3,44
10,0,3,46
10,0,3,47
10,0,3,48
10,0,3,49
10,0,3,50
10,0,3,51
10,0,3,52
10,0,3,53
10,0,3,54
10,0,3,55
10,0,3,57
10,0,3,58
10,0,3,59
10,0,3,60
10,0,3,61
10,0,3,62
10,0,3,63
10,0,3,64
10,0,3,65
10,0,3,66
10,0,3,67